timestamp,anomaly_score,iso_flag,top_series,top_resid,is_drop
2023-12-18 00:00:00+00:00,0.3308,False,ListA_field1,0.0,False
2023-12-18 01:00:00+00:00,0.351,False,ListD_field11,-1.003,True
2023-12-18 02:00:00+00:00,0.3556,False,ListD_field11,-0.877,True
2023-12-18 03:00:00+00:00,0.3308,False,ListA_field1,0.0,False
2023-12-18 04:00:00+00:00,0.384,False,ListD_field10,-1.292,True
2023-12-18 05:00:00+00:00,0.3483,False,ListD_field11,-0.659,True
2023-12-18 06:00:00+00:00,0.5144,False,ListC_field8,-0.674,True
2023-12-18 07:00:00+00:00,0.4446,False,ListE_field13,-2.076,True
2023-12-18 08:00:00+00:00,0.4181,False,ListB_field4,-1.533,True
2023-12-18 09:00:00+00:00,0.4828,False,ListA_field2,-1.551,True
2023-12-18 10:00:00+00:00,0.4231,False,ListD_field10,-2.493,True
2023-12-18 11:00:00+00:00,0.3783,False,ListC_field9,-0.747,True
2023-12-18 12:00:00+00:00,0.342,False,ListC_field9,-0.367,True
2023-12-18 13:00:00+00:00,0.4105,False,ListD_field10,-0.817,True
2023-12-18 14:00:00+00:00,0.4532,False,ListC_field9,-1.597,True
2023-12-18 15:00:00+00:00,0.485,False,ListC_field9,-1.081,True
2023-12-18 16:00:00+00:00,0.3514,False,ListA_field3,-0.776,True
2023-12-18 17:00:00+00:00,0.3418,False,ListA_field2,-0.652,True
2023-12-18 18:00:00+00:00,0.4484,False,ListD_field11,-0.824,True
2023-12-18 19:00:00+00:00,0.3512,False,ListD_field10,-0.659,True
2023-12-18 20:00:00+00:00,0.3992,False,ListC_field9,-1.094,True
2023-12-18 21:00:00+00:00,0.3506,False,ListA_field3,-0.659,True
2023-12-18 22:00:00+00:00,0.3427,False,ListD_field11,-0.503,True
2023-12-18 23:00:00+00:00,0.3381,False,ListE_field13,-0.649,True
2023-12-19 00:00:00+00:00,0.3814,False,ListE_field13,-0.978,True
2023-12-19 01:00:00+00:00,0.3845,False,ListD_field11,-1.494,True
2023-12-19 02:00:00+00:00,0.3612,False,ListE_field13,-0.686,True
2023-12-19 03:00:00+00:00,0.3979,False,ListC_field9,-1.009,True
2023-12-19 04:00:00+00:00,0.3722,False,ListE_field13,-0.963,True
2023-12-19 05:00:00+00:00,0.3412,False,ListD_field11,-0.195,True
2023-12-19 06:00:00+00:00,0.4742,False,ListA_field2,-0.788,True
2023-12-19 07:00:00+00:00,0.3991,False,ListA_field3,-0.811,True
2023-12-19 08:00:00+00:00,0.4995,False,ListD_field10,-1.03,True
2023-12-19 09:00:00+00:00,0.3764,False,ListA_field1,-0.809,True
2023-12-19 10:00:00+00:00,0.3731,False,ListE_field15,-0.565,True
2023-12-19 11:00:00+00:00,0.401,False,ListA_field2,-0.769,True
2023-12-19 12:00:00+00:00,0.4114,False,ListE_field15,-0.77,True
2023-12-19 13:00:00+00:00,0.4016,False,ListD_field10,-1.582,True
2023-12-19 14:00:00+00:00,0.3944,False,ListA_field2,-0.92,True
2023-12-19 15:00:00+00:00,0.4667,False,ListC_field9,-1.148,True
2023-12-19 16:00:00+00:00,0.3689,False,ListE_field13,-0.899,True
2023-12-19 17:00:00+00:00,0.3374,False,ListE_field13,-0.541,True
2023-12-19 18:00:00+00:00,0.4533,False,ListD_field10,-1.422,True
2023-12-19 19:00:00+00:00,0.3668,False,ListE_field13,-0.704,True
2023-12-19 20:00:00+00:00,0.3737,False,ListD_field10,-1.734,True
2023-12-19 21:00:00+00:00,0.3467,False,ListB_field4,-0.481,True
2023-12-19 22:00:00+00:00,0.3475,False,ListD_field10,-0.531,True
2023-12-19 23:00:00+00:00,0.3571,False,ListD_field11,-0.849,True
2023-12-20 00:00:00+00:00,0.3421,False,ListB_field4,-0.299,True
2023-12-20 01:00:00+00:00,0.3661,False,ListC_field9,-0.786,True
2023-12-20 02:00:00+00:00,0.3736,False,ListD_field11,-0.699,True
2023-12-20 03:00:00+00:00,0.3447,False,ListA_field2,-0.674,True
2023-12-20 04:00:00+00:00,0.3456,False,ListE_field13,-0.542,True
2023-12-20 05:00:00+00:00,0.3825,False,ListA_field2,-0.674,True
2023-12-20 06:00:00+00:00,0.486,False,ListE_field15,-0.685,True
2023-12-20 07:00:00+00:00,0.3527,False,ListD_field10,-0.619,True
2023-12-20 08:00:00+00:00,0.4773,False,ListD_field11,-0.777,True
2023-12-20 09:00:00+00:00,0.3639,False,ListE_field13,-0.983,True
2023-12-20 10:00:00+00:00,0.4555,False,ListC_field7,-1.124,True
2023-12-20 11:00:00+00:00,0.3987,False,ListA_field1,-0.671,True
2023-12-20 12:00:00+00:00,0.3638,False,ListD_field11,-0.859,True
2023-12-20 13:00:00+00:00,0.3598,False,ListE_field14,-0.78,True
2023-12-20 14:00:00+00:00,0.4565,False,ListE_field14,-0.98,True
2023-12-20 15:00:00+00:00,0.434,False,ListC_field9,-1.606,True
2023-12-20 16:00:00+00:00,0.4128,False,ListD_field10,-0.974,True
2023-12-20 17:00:00+00:00,0.4533,False,ListE_field14,-1.525,True
2023-12-20 18:00:00+00:00,0.4608,False,ListE_field14,-0.808,True
2023-12-20 19:00:00+00:00,0.3569,False,ListE_field13,-0.842,True
2023-12-20 20:00:00+00:00,0.3501,False,ListA_field3,-0.669,True
2023-12-20 21:00:00+00:00,0.3661,False,ListE_field13,-1.025,True
2023-12-20 22:00:00+00:00,0.3488,False,ListD_field11,-1.009,True
2023-12-20 23:00:00+00:00,0.3637,False,ListE_field13,-1.019,True
2023-12-21 00:00:00+00:00,0.367,False,ListD_field10,-1.326,True
2023-12-21 01:00:00+00:00,0.3664,False,ListE_field13,-0.874,True
2023-12-21 02:00:00+00:00,0.3689,False,ListE_field14,-1.049,True
2023-12-21 03:00:00+00:00,0.3336,False,ListE_field13,-0.038,True
2023-12-21 04:00:00+00:00,0.3823,False,ListA_field3,-0.935,True
2023-12-21 05:00:00+00:00,0.3818,False,ListD_field11,-0.915,True
2023-12-21 06:00:00+00:00,0.3436,False,ListA_field3,-0.333,True
2023-12-21 07:00:00+00:00,0.404,False,ListD_field10,-1.28,True
2023-12-21 08:00:00+00:00,0.4312,False,ListB_field4,-0.881,True
2023-12-21 09:00:00+00:00,0.4217,False,ListD_field11,-1.0,True
2023-12-21 10:00:00+00:00,0.3332,False,ListA_field3,-0.065,True
2023-12-21 11:00:00+00:00,0.4337,False,ListC_field9,-0.774,True
2023-12-21 12:00:00+00:00,0.3384,False,ListC_field9,-0.113,True
2023-12-21 13:00:00+00:00,0.3893,False,ListD_field11,-0.969,True
2023-12-21 14:00:00+00:00,0.3547,False,ListA_field2,-0.681,True
2023-12-21 15:00:00+00:00,0.4756,False,ListB_field6,-0.749,True
2023-12-21 16:00:00+00:00,0.3553,False,ListE_field13,-0.465,True
2023-12-21 17:00:00+00:00,0.3442,False,ListA_field2,-0.69,True
2023-12-21 18:00:00+00:00,0.3525,False,ListA_field2,-0.674,True
2023-12-21 19:00:00+00:00,0.3624,False,ListE_field13,-0.968,True
2023-12-21 20:00:00+00:00,0.4089,False,ListC_field9,-1.273,True
2023-12-21 21:00:00+00:00,0.4266,False,ListA_field3,-1.501,True
2023-12-21 22:00:00+00:00,0.3517,False,ListC_field9,-0.774,True
2023-12-21 23:00:00+00:00,0.3392,False,ListE_field14,-0.477,True
2023-12-22 00:00:00+00:00,0.4549,False,ListC_field9,-2.953,True
2023-12-22 01:00:00+00:00,0.4306,False,ListD_field11,-2.033,True
2023-12-22 02:00:00+00:00,0.3982,False,ListB_field4,-1.715,True
2023-12-22 03:00:00+00:00,0.3499,False,ListD_field11,-0.839,True
2023-12-22 04:00:00+00:00,0.3991,False,ListD_field11,-1.024,True
2023-12-22 05:00:00+00:00,0.4382,False,ListD_field11,-1.247,True
2023-12-22 06:00:00+00:00,0.4303,False,ListE_field14,-1.48,True
2023-12-22 07:00:00+00:00,0.4518,False,ListE_field13,-2.009,True
2023-12-22 08:00:00+00:00,0.5748,False,ListD_field11,-1.546,True
2023-12-22 09:00:00+00:00,0.5005,False,ListE_field14,-1.7,True
2023-12-22 10:00:00+00:00,0.4544,False,ListD_field11,-1.646,True
2023-12-22 11:00:00+00:00,0.5303,False,ListB_field4,-2.154,True
2023-12-22 12:00:00+00:00,0.4178,False,ListB_field4,-1.408,True
2023-12-22 13:00:00+00:00,0.4034,False,ListD_field11,-1.856,True
2023-12-22 14:00:00+00:00,0.364,False,ListD_field11,-0.784,True
2023-12-22 15:00:00+00:00,0.3344,False,ListD_field11,-0.177,True
2023-12-22 16:00:00+00:00,0.3662,False,ListC_field9,-1.097,True
2023-12-22 17:00:00+00:00,0.3506,False,ListA_field2,-0.659,True
2023-12-22 18:00:00+00:00,0.3704,False,ListD_field10,-1.21,True
2023-12-22 19:00:00+00:00,0.3507,False,ListD_field10,-0.831,True
2023-12-22 20:00:00+00:00,0.3822,False,ListD_field11,-0.982,True
2023-12-22 21:00:00+00:00,0.3881,False,ListD_field10,-2.317,True
2023-12-22 22:00:00+00:00,0.3466,False,ListD_field11,-0.839,True
2023-12-22 23:00:00+00:00,0.4007,False,ListA_field3,-1.529,True
2023-12-25 00:00:00+00:00,0.3554,False,ListA_field2,-0.674,True
2023-12-25 01:00:00+00:00,0.3665,False,ListE_field15,-0.674,True
2023-12-25 02:00:00+00:00,0.4731,False,ListA_field1,-6.556,True
2023-12-25 03:00:00+00:00,0.37,False,ListE_field13,-1.281,True
2023-12-25 04:00:00+00:00,0.3319,False,ListD_field10,-0.074,True
2023-12-25 05:00:00+00:00,0.4427,False,ListD_field10,-1.368,True
2023-12-25 06:00:00+00:00,0.4908,False,ListA_field2,-1.081,True
2023-12-25 07:00:00+00:00,0.391,False,ListD_field10,-2.415,True
2023-12-25 08:00:00+00:00,0.3939,False,ListA_field1,-0.714,True
2023-12-25 09:00:00+00:00,0.3727,False,ListC_field7,-0.674,True
2023-12-25 10:00:00+00:00,0.4328,False,ListC_field7,-1.124,True
2023-12-25 11:00:00+00:00,0.3308,False,ListA_field1,0.0,False
2023-12-25 12:00:00+00:00,0.3308,False,ListA_field1,0.0,False
2023-12-25 13:00:00+00:00,0.3308,False,ListA_field1,0.0,False
2023-12-25 14:00:00+00:00,0.485,False,ListD_field10,-1.747,True
2023-12-25 15:00:00+00:00,0.4126,False,ListD_field10,-2.273,True
2023-12-25 16:00:00+00:00,0.3424,False,ListA_field2,-0.674,True
2023-12-25 17:00:00+00:00,0.6213,True,ListE_field13,-3.791,True
2023-12-25 18:00:00+00:00,0.5386,False,ListE_field13,-3.24,True
2023-12-25 19:00:00+00:00,0.4993,False,ListE_field13,-2.4,True
2023-12-25 20:00:00+00:00,0.4643,False,ListE_field13,-2.637,True
2023-12-25 21:00:00+00:00,0.4061,False,ListD_field10,-2.723,True
2023-12-25 22:00:00+00:00,0.3437,False,ListD_field10,-0.593,True
2023-12-25 23:00:00+00:00,0.4936,False,ListD_field11,-1.965,True
2023-12-26 00:00:00+00:00,0.3915,False,ListB_field4,-1.373,True
2023-12-26 01:00:00+00:00,0.3308,False,ListA_field1,0.0,False
2023-12-26 02:00:00+00:00,0.3458,False,ListA_field2,-0.674,True
2023-12-26 03:00:00+00:00,0.3308,False,ListA_field1,0.0,False
2023-12-26 04:00:00+00:00,0.3779,False,ListD_field10,-1.223,True
2023-12-26 05:00:00+00:00,0.3424,False,ListA_field2,-0.674,True
2023-12-26 06:00:00+00:00,0.3486,False,ListA_field1,-0.514,True
2023-12-26 07:00:00+00:00,0.3308,False,ListA_field1,0.0,False
2023-12-26 08:00:00+00:00,0.4144,False,ListD_field10,-1.044,True
2023-12-26 09:00:00+00:00,0.4476,False,ListA_field1,-0.973,True
2023-12-26 10:00:00+00:00,0.425,False,ListD_field10,-2.363,True
2023-12-26 11:00:00+00:00,0.3308,False,ListA_field1,0.0,False
2023-12-26 12:00:00+00:00,0.3308,False,ListA_field1,0.0,False
2023-12-26 13:00:00+00:00,0.3308,False,ListA_field1,0.0,False
2023-12-26 14:00:00+00:00,0.3979,False,ListC_field7,-0.674,True
2023-12-26 15:00:00+00:00,0.3308,False,ListA_field1,0.0,False
2023-12-26 16:00:00+00:00,0.4246,False,ListC_field9,-2.538,True
2023-12-26 17:00:00+00:00,0.3978,False,ListA_field2,-1.337,True
2023-12-26 18:00:00+00:00,0.3518,False,ListB_field4,-0.675,True
2023-12-26 19:00:00+00:00,0.3395,False,ListD_field10,-0.699,True
2023-12-26 20:00:00+00:00,0.3531,False,ListA_field2,-0.674,True
2023-12-26 21:00:00+00:00,0.3623,False,ListE_field14,-0.798,True
2023-12-26 22:00:00+00:00,0.3574,False,ListE_field14,-0.877,True
2023-12-26 23:00:00+00:00,0.3321,False,ListD_field11,-0.065,True
2023-12-27 00:00:00+00:00,0.3756,False,ListC_field9,-0.83,True
2023-12-27 01:00:00+00:00,0.3962,False,ListD_field11,-1.216,True
2023-12-27 02:00:00+00:00,0.3545,False,ListA_field1,-0.674,True
2023-12-27 03:00:00+00:00,0.3442,False,ListA_field3,-0.656,True
2023-12-27 04:00:00+00:00,0.3657,False,ListE_field14,-0.737,True
2023-12-27 05:00:00+00:00,0.4215,False,ListB_field4,-1.103,True
2023-12-27 06:00:00+00:00,0.3855,False,ListE_field13,-0.919,True
2023-12-27 07:00:00+00:00,0.3767,False,ListD_field10,-0.884,True
2023-12-27 08:00:00+00:00,0.4124,False,ListD_field10,-0.715,True
2023-12-27 09:00:00+00:00,0.348,False,ListB_field4,-0.615,True
2023-12-27 10:00:00+00:00,0.4347,False,ListD_field10,-2.447,True
2023-12-27 11:00:00+00:00,0.3386,False,ListD_field10,-0.251,True
2023-12-27 12:00:00+00:00,0.3999,False,ListD_field10,-1.957,True
2023-12-27 13:00:00+00:00,0.355,False,ListA_field2,-0.326,True
2023-12-27 14:00:00+00:00,0.3326,False,ListE_field14,-0.101,True
2023-12-27 15:00:00+00:00,0.4813,False,ListA_field2,-0.967,True
2023-12-27 16:00:00+00:00,0.4254,False,ListE_field15,-0.938,True
2023-12-27 17:00:00+00:00,0.3371,False,ListD_field10,-0.38,True
2023-12-27 18:00:00+00:00,0.3434,False,ListB_field4,-0.352,True
2023-12-27 19:00:00+00:00,0.3493,False,ListA_field2,-0.674,True
2023-12-27 20:00:00+00:00,0.4455,False,ListC_field9,-1.801,True
2023-12-27 21:00:00+00:00,0.377,False,ListE_field13,-0.704,True
2023-12-27 22:00:00+00:00,0.3308,False,ListA_field1,0.0,False
2023-12-27 23:00:00+00:00,0.3671,False,ListC_field9,-1.377,True
2023-12-28 00:00:00+00:00,0.3424,False,ListA_field2,-0.674,True
2023-12-28 01:00:00+00:00,0.3663,False,ListB_field4,-1.082,True
2023-12-28 02:00:00+00:00,0.3917,False,ListA_field2,-0.674,True
2023-12-28 03:00:00+00:00,0.3344,False,ListE_field14,-0.126,True
2023-12-28 04:00:00+00:00,0.3308,False,ListA_field1,0.0,False
2023-12-28 05:00:00+00:00,0.3495,False,ListA_field2,-0.674,True
2023-12-28 06:00:00+00:00,0.471,False,ListC_field8,-0.674,True
2023-12-28 07:00:00+00:00,0.3505,False,ListE_field14,-0.678,True
2023-12-28 08:00:00+00:00,0.465,False,ListA_field2,-1.133,True
2023-12-28 09:00:00+00:00,0.3411,False,ListA_field2,-0.405,True
2023-12-28 10:00:00+00:00,0.3733,False,ListE_field13,-0.793,True
2023-12-28 11:00:00+00:00,0.3821,False,ListB_field4,-0.707,True
2023-12-28 12:00:00+00:00,0.3861,False,ListA_field1,-0.68,True
2023-12-28 13:00:00+00:00,0.3326,False,ListA_field1,-0.039,True
2023-12-28 14:00:00+00:00,0.3404,False,ListD_field10,-0.756,True
2023-12-28 15:00:00+00:00,0.3523,False,ListD_field10,-0.83,True
2023-12-28 16:00:00+00:00,0.3424,False,ListD_field11,-0.384,True
2023-12-28 17:00:00+00:00,0.3742,False,ListC_field9,-0.884,True
2023-12-28 18:00:00+00:00,0.3325,False,ListA_field2,-0.043,True
2023-12-28 19:00:00+00:00,0.3563,False,ListD_field11,-1.004,True
2023-12-28 20:00:00+00:00,0.3514,False,ListE_field13,-1.113,True
2023-12-28 21:00:00+00:00,0.3459,False,ListB_field4,-0.379,True
2023-12-28 22:00:00+00:00,0.3421,False,ListE_field13,-0.434,True
2023-12-28 23:00:00+00:00,0.3818,False,ListA_field3,-1.462,True
2023-12-29 00:00:00+00:00,0.3589,False,ListC_field9,-0.707,True
2023-12-29 01:00:00+00:00,0.3418,False,ListA_field3,-0.56,True
2023-12-29 02:00:00+00:00,0.3405,False,ListE_field13,-0.148,True
2023-12-29 03:00:00+00:00,0.3638,False,ListD_field11,-0.725,True
2023-12-29 04:00:00+00:00,0.3605,False,ListA_field2,-0.68,True
2023-12-29 05:00:00+00:00,0.4177,False,ListE_field15,-0.883,True
2023-12-29 06:00:00+00:00,0.5066,False,ListE_field13,-0.989,True
2023-12-29 07:00:00+00:00,0.4509,False,ListD_field11,-1.393,True
2023-12-29 08:00:00+00:00,0.3967,False,ListA_field2,-1.107,True
2023-12-29 09:00:00+00:00,0.5924,True,ListD_field11,-2.609,True
2023-12-29 10:00:00+00:00,0.508,False,ListD_field11,-1.844,True
2023-12-29 11:00:00+00:00,0.4262,False,ListE_field13,-1.273,True
2023-12-29 12:00:00+00:00,0.5775,False,ListD_field11,-2.887,True
2023-12-29 13:00:00+00:00,0.5667,False,ListC_field9,-2.46,True
2023-12-29 14:00:00+00:00,0.4179,False,ListC_field9,-0.86,True
2023-12-29 15:00:00+00:00,0.4076,False,ListE_field13,-1.036,True
2023-12-29 16:00:00+00:00,0.4726,False,ListE_field15,-1.499,True
2023-12-29 17:00:00+00:00,0.3503,False,ListD_field10,-0.899,True
2023-12-29 18:00:00+00:00,0.3607,False,ListD_field11,-1.251,True
2023-12-29 19:00:00+00:00,0.4238,False,ListA_field3,-1.385,True
2023-12-29 20:00:00+00:00,0.3618,False,ListA_field3,-1.046,True
2023-12-29 21:00:00+00:00,0.4523,False,ListD_field10,-1.631,True
2023-12-29 22:00:00+00:00,0.3651,False,ListA_field3,-0.928,True
2023-12-29 23:00:00+00:00,0.4665,False,ListA_field3,-1.44,True
2024-01-01 00:00:00+00:00,0.6066,True,ListC_field9,-3.069,True
2024-01-01 01:00:00+00:00,0.6404,True,ListA_field3,-4.31,True
2024-01-01 02:00:00+00:00,0.6629,True,ListA_field1,-6.556,True
2024-01-01 03:00:00+00:00,0.4354,False,ListD_field10,-1.561,True
2024-01-01 04:00:00+00:00,0.4537,False,ListE_field13,-1.555,True
2024-01-01 05:00:00+00:00,0.4884,False,ListD_field10,-1.368,True
2024-01-01 06:00:00+00:00,0.6057,True,ListD_field10,-2.445,True
2024-01-01 07:00:00+00:00,0.6025,True,ListE_field13,-2.653,True
2024-01-01 08:00:00+00:00,0.5045,False,ListA_field3,-1.403,True
2024-01-01 09:00:00+00:00,0.5332,False,ListD_field10,-2.579,True
2024-01-01 10:00:00+00:00,0.587,True,ListA_field3,-3.369,True
2024-01-01 11:00:00+00:00,0.4967,False,ListE_field14,-2.134,True
2024-01-01 12:00:00+00:00,0.5233,False,ListA_field3,-2.393,True
2024-01-01 13:00:00+00:00,0.6563,True,ListD_field10,-3.7,True
2024-01-01 14:00:00+00:00,0.6472,True,ListC_field9,-4.254,True
2024-01-01 15:00:00+00:00,0.5649,False,ListD_field10,-2.273,True
2024-01-01 16:00:00+00:00,0.5371,False,ListB_field4,-2.525,True
2024-01-01 17:00:00+00:00,0.5205,False,ListE_field13,-3.791,True
2024-01-01 18:00:00+00:00,0.4997,False,ListB_field4,-2.956,True
2024-01-01 19:00:00+00:00,0.408,False,ListD_field10,-1.686,True
2024-01-01 20:00:00+00:00,0.3867,False,ListE_field14,-1.186,True
2024-01-01 21:00:00+00:00,0.4971,False,ListD_field10,-2.723,True
2024-01-01 22:00:00+00:00,0.476,False,ListD_field10,-2.136,True
2024-01-01 23:00:00+00:00,0.4271,False,ListC_field9,-1.365,True
2024-01-02 00:00:00+00:00,0.4752,False,ListC_field9,-3.181,True
2024-01-02 01:00:00+00:00,0.5164,False,ListB_field4,-2.565,True
2024-01-02 02:00:00+00:00,0.3854,False,ListE_field13,-1.272,True
2024-01-02 03:00:00+00:00,0.3348,False,ListB_field4,-0.126,True
2024-01-02 04:00:00+00:00,0.3912,False,ListC_field9,-0.965,True
2024-01-02 05:00:00+00:00,0.4542,False,ListB_field4,-1.428,True
2024-01-02 06:00:00+00:00,0.6019,True,ListC_field9,-1.613,True
2024-01-02 07:00:00+00:00,0.4589,False,ListA_field3,-1.454,True
2024-01-02 08:00:00+00:00,0.4467,False,ListD_field10,-1.162,True
2024-01-02 09:00:00+00:00,0.5189,False,ListE_field14,-1.823,True
2024-01-02 10:00:00+00:00,0.5595,False,ListA_field3,-3.326,True
2024-01-02 11:00:00+00:00,0.5264,False,ListA_field3,-2.429,True
2024-01-02 12:00:00+00:00,0.5623,False,ListA_field3,-2.098,True
2024-01-02 13:00:00+00:00,0.5075,False,ListE_field13,-1.533,True
2024-01-02 14:00:00+00:00,0.3933,False,ListA_field3,-1.298,True
2024-01-02 15:00:00+00:00,0.4085,False,ListA_field3,-1.502,True
2024-01-02 16:00:00+00:00,0.4032,False,ListA_field3,-1.91,True
2024-01-02 17:00:00+00:00,0.4075,False,ListC_field9,-1.764,True
2024-01-02 18:00:00+00:00,0.5403,False,ListA_field3,-1.759,True
2024-01-02 19:00:00+00:00,0.4142,False,ListC_field9,-1.318,True
2024-01-02 20:00:00+00:00,0.3678,False,ListB_field4,-0.743,True
2024-01-02 21:00:00+00:00,0.3478,False,ListD_field11,-0.628,True
2024-01-02 22:00:00+00:00,0.4387,False,ListB_field4,-1.32,True
2024-01-02 23:00:00+00:00,0.3937,False,ListB_field4,-1.214,True
2024-01-03 00:00:00+00:00,0.5227,False,ListC_field9,-3.144,True
2024-01-03 01:00:00+00:00,0.4719,False,ListC_field9,-1.596,True
2024-01-03 02:00:00+00:00,0.62,True,ListC_field9,-4.305,True
2024-01-03 03:00:00+00:00,0.4652,False,ListC_field9,-1.743,True
2024-01-03 04:00:00+00:00,0.4503,False,ListE_field14,-1.315,True
2024-01-03 05:00:00+00:00,0.4219,False,ListA_field3,-1.016,True
2024-01-03 06:00:00+00:00,0.5646,False,ListA_field1,-1.453,True
2024-01-03 07:00:00+00:00,0.3819,False,ListE_field14,-0.671,True
2024-01-03 08:00:00+00:00,0.4984,False,ListA_field3,-0.81,True
2024-01-03 09:00:00+00:00,0.4349,False,ListE_field13,-1.349,True
2024-01-03 10:00:00+00:00,0.5423,False,ListA_field3,-3.007,True
2024-01-03 11:00:00+00:00,0.4749,False,ListA_field3,-1.837,True
2024-01-03 12:00:00+00:00,0.4739,False,ListA_field3,-1.394,True
2024-01-03 13:00:00+00:00,0.4493,False,ListA_field2,-1.14,True
2024-01-03 14:00:00+00:00,0.4785,False,ListA_field3,-1.123,True
2024-01-03 15:00:00+00:00,0.4728,False,ListA_field3,-1.423,True
2024-01-03 16:00:00+00:00,0.4956,False,ListA_field3,-1.608,True
2024-01-03 17:00:00+00:00,0.4149,False,ListC_field9,-1.478,True
2024-01-03 18:00:00+00:00,0.4632,False,ListA_field3,-1.354,True
2024-01-03 19:00:00+00:00,0.3998,False,ListA_field3,-1.515,True
2024-01-03 20:00:00+00:00,0.3509,False,ListE_field14,-0.71,True
2024-01-03 21:00:00+00:00,0.3753,False,ListD_field11,-1.183,True
2024-01-03 22:00:00+00:00,0.3995,False,ListE_field14,-1.324,True
2024-01-03 23:00:00+00:00,0.3653,False,ListA_field3,-1.038,True
2024-01-04 00:00:00+00:00,0.4023,False,ListE_field14,-1.54,True
2024-01-04 01:00:00+00:00,0.4088,False,ListE_field14,-1.148,True
2024-01-04 02:00:00+00:00,0.4055,False,ListE_field14,-1.15,True
2024-01-04 03:00:00+00:00,0.3649,False,ListA_field3,-0.912,True
2024-01-04 04:00:00+00:00,0.4418,False,ListE_field14,-1.665,True
2024-01-04 05:00:00+00:00,0.4312,False,ListE_field14,-1.616,True
2024-01-04 06:00:00+00:00,0.4394,False,ListE_field13,-1.304,True
2024-01-04 07:00:00+00:00,0.3997,False,ListA_field3,-1.397,True
2024-01-04 08:00:00+00:00,0.4614,False,ListA_field3,-1.146,True
2024-01-04 09:00:00+00:00,0.5049,False,ListD_field10,-1.717,True
2024-01-04 10:00:00+00:00,0.4695,False,ListA_field3,-2.871,True
2024-01-04 11:00:00+00:00,0.4855,False,ListA_field3,-1.854,True
2024-01-04 12:00:00+00:00,0.5112,False,ListA_field3,-1.848,True
2024-01-04 13:00:00+00:00,0.5673,False,ListE_field14,-1.915,True
2024-01-04 14:00:00+00:00,0.4488,False,ListE_field14,-1.388,True
2024-01-04 15:00:00+00:00,0.5169,False,ListE_field13,-2.158,True
2024-01-04 16:00:00+00:00,0.4446,False,ListE_field14,-1.599,True
2024-01-04 17:00:00+00:00,0.371,False,ListE_field14,-0.957,True
2024-01-04 18:00:00+00:00,0.4972,False,ListD_field11,-1.315,True
2024-01-04 19:00:00+00:00,0.3475,False,ListA_field3,-0.658,True
2024-01-04 20:00:00+00:00,0.3768,False,ListD_field10,-1.373,True
2024-01-04 21:00:00+00:00,0.3389,False,ListC_field9,-0.525,True
2024-01-04 22:00:00+00:00,0.3751,False,ListA_field3,-1.518,True
2024-01-04 23:00:00+00:00,0.419,False,ListA_field3,-1.413,True
2024-01-05 00:00:00+00:00,0.3638,False,ListD_field11,-0.859,True
2024-01-05 01:00:00+00:00,0.3778,False,ListA_field3,-1.453,True
2024-01-05 02:00:00+00:00,0.4001,False,ListD_field10,-1.031,True
2024-01-05 03:00:00+00:00,0.4123,False,ListE_field14,-0.808,True
2024-01-05 04:00:00+00:00,0.429,False,ListA_field3,-1.368,True
2024-01-05 05:00:00+00:00,0.4509,False,ListE_field13,-1.189,True
2024-01-05 06:00:00+00:00,0.5316,False,ListA_field3,-1.561,True
2024-01-05 07:00:00+00:00,0.5206,False,ListA_field3,-1.822,True
2024-01-05 08:00:00+00:00,0.4371,False,ListD_field10,-1.063,True
2024-01-05 09:00:00+00:00,0.5585,False,ListD_field11,-2.439,True
2024-01-05 10:00:00+00:00,0.6569,True,ListA_field3,-2.94,True
2024-01-05 11:00:00+00:00,0.5279,False,ListA_field3,-1.872,True
2024-01-05 12:00:00+00:00,0.6105,True,ListD_field11,-2.446,True
2024-01-05 13:00:00+00:00,0.563,False,ListD_field11,-1.962,True
2024-01-05 14:00:00+00:00,0.5558,False,ListB_field4,-1.741,True
2024-01-05 15:00:00+00:00,0.4894,False,ListE_field13,-1.481,True
2024-01-05 16:00:00+00:00,0.4185,False,ListE_field14,-1.426,True
2024-01-05 17:00:00+00:00,0.3689,False,ListA_field3,-0.88,True
2024-01-05 18:00:00+00:00,0.3696,False,ListD_field11,-0.792,True
2024-01-05 19:00:00+00:00,0.3571,False,ListA_field2,-0.674,True
2024-01-05 20:00:00+00:00,0.3682,False,ListE_field14,-0.839,True
2024-01-05 21:00:00+00:00,0.385,False,ListD_field10,-0.898,True
2024-01-05 22:00:00+00:00,0.379,False,ListE_field13,-1.418,True
2024-01-05 23:00:00+00:00,0.4629,False,ListA_field3,-2.257,True
2024-01-08 00:00:00+00:00,0.4552,False,ListC_field9,-3.573,True
2024-01-08 01:00:00+00:00,0.3844,False,ListB_field4,-1.119,True
2024-01-08 02:00:00+00:00,0.4241,False,ListC_field9,-2.346,True
2024-01-08 03:00:00+00:00,0.3844,False,ListD_field10,-1.335,True
2024-01-08 04:00:00+00:00,0.4064,False,ListB_field4,-1.368,True
2024-01-08 05:00:00+00:00,0.454,False,ListB_field4,-0.916,True
2024-01-08 06:00:00+00:00,0.5874,True,ListE_field13,-1.434,True
2024-01-08 07:00:00+00:00,0.3884,False,ListA_field3,-1.759,True
2024-01-08 08:00:00+00:00,0.4405,False,ListE_field13,-1.542,True
2024-01-08 09:00:00+00:00,0.4823,False,ListA_field3,-1.641,True
2024-01-08 10:00:00+00:00,0.5215,False,ListA_field3,-2.698,True
2024-01-08 11:00:00+00:00,0.4369,False,ListE_field14,-1.28,True
2024-01-08 12:00:00+00:00,0.4977,False,ListA_field3,-1.885,True
2024-01-08 13:00:00+00:00,0.4607,False,ListE_field14,-0.882,True
2024-01-08 14:00:00+00:00,0.5019,False,ListB_field4,-1.321,True
2024-01-08 15:00:00+00:00,0.4327,False,ListA_field3,-1.652,True
2024-01-08 16:00:00+00:00,0.3793,False,ListE_field13,-1.268,True
2024-01-08 17:00:00+00:00,0.4013,False,ListA_field3,-1.131,True
2024-01-08 18:00:00+00:00,0.4068,False,ListE_field13,-1.678,True
2024-01-08 19:00:00+00:00,0.3473,False,ListA_field3,-0.69,True
2024-01-08 20:00:00+00:00,0.3879,False,ListC_field9,-1.514,True
2024-01-08 21:00:00+00:00,0.3422,False,ListB_field4,-0.676,True
2024-01-08 22:00:00+00:00,0.3598,False,ListD_field11,-0.945,True
2024-01-08 23:00:00+00:00,0.3461,False,ListB_field4,-0.606,True
2024-01-09 00:00:00+00:00,0.3851,False,ListE_field14,-1.334,True
2024-01-09 01:00:00+00:00,0.4203,False,ListA_field3,-1.401,True
2024-01-09 02:00:00+00:00,0.3536,False,ListA_field3,-0.557,True
2024-01-09 03:00:00+00:00,0.3522,False,ListA_field2,-0.674,True
2024-01-09 04:00:00+00:00,0.3735,False,ListD_field10,-1.073,True
2024-01-09 05:00:00+00:00,0.4032,False,ListE_field15,-0.883,True
2024-01-09 06:00:00+00:00,0.3827,False,ListE_field14,-0.658,True
2024-01-09 07:00:00+00:00,0.4052,False,ListC_field9,-0.901,True
2024-01-09 08:00:00+00:00,0.4625,False,ListB_field6,-0.674,True
2024-01-09 09:00:00+00:00,0.3776,False,ListA_field1,-0.755,True
2024-01-09 10:00:00+00:00,0.4407,False,ListC_field7,-1.124,True
2024-01-09 11:00:00+00:00,0.3454,False,ListE_field13,-0.387,True
2024-01-09 12:00:00+00:00,0.4051,False,ListC_field7,-0.56,True
2024-01-09 13:00:00+00:00,0.3565,False,ListE_field14,-0.346,True
2024-01-09 14:00:00+00:00,0.4,False,ListC_field7,-0.674,True
2024-01-09 15:00:00+00:00,0.4376,False,ListB_field6,-0.749,True
2024-01-09 16:00:00+00:00,0.3805,False,ListE_field13,-0.826,True
2024-01-09 17:00:00+00:00,0.426,False,ListD_field11,-2.223,True
2024-01-09 18:00:00+00:00,0.378,False,ListE_field13,-1.011,True
2024-01-09 19:00:00+00:00,0.368,False,ListA_field3,-1.102,True
2024-01-09 20:00:00+00:00,0.3525,False,ListD_field11,-0.722,True
2024-01-09 21:00:00+00:00,0.3911,False,ListC_field9,-2.055,True
2024-01-09 22:00:00+00:00,0.365,False,ListE_field14,-1.046,True
2024-01-09 23:00:00+00:00,0.3906,False,ListD_field11,-0.975,True
2024-01-10 00:00:00+00:00,0.3567,False,ListA_field2,-0.674,True
2024-01-10 01:00:00+00:00,0.4043,False,ListA_field3,-2.104,True
2024-01-10 02:00:00+00:00,0.3504,False,ListE_field13,-0.374,True
2024-01-10 03:00:00+00:00,0.3767,False,ListD_field11,-0.702,True
2024-01-10 04:00:00+00:00,0.3653,False,ListD_field10,-1.141,True
2024-01-10 05:00:00+00:00,0.3851,False,ListE_field14,-1.071,True
2024-01-10 06:00:00+00:00,0.4812,False,ListD_field10,-1.583,True
2024-01-10 07:00:00+00:00,0.349,False,ListA_field1,-0.338,True
2024-01-10 08:00:00+00:00,0.4656,False,ListB_field6,-0.674,True
2024-01-10 09:00:00+00:00,0.3857,False,ListC_field7,-0.674,True
2024-01-10 10:00:00+00:00,0.3623,False,ListD_field10,-0.701,True
2024-01-10 11:00:00+00:00,0.3581,False,ListA_field2,-0.722,True
2024-01-10 12:00:00+00:00,0.3648,False,ListA_field1,-0.398,True
2024-01-10 13:00:00+00:00,0.3943,False,ListC_field9,-0.852,True
2024-01-10 14:00:00+00:00,0.3502,False,ListB_field4,-0.703,True
2024-01-10 15:00:00+00:00,0.4639,False,ListE_field13,-1.449,True
2024-01-10 16:00:00+00:00,0.3735,False,ListE_field14,-0.926,True
2024-01-10 17:00:00+00:00,0.3444,False,ListC_field9,-0.374,True
2024-01-10 18:00:00+00:00,0.3816,False,ListB_field4,-1.122,True
2024-01-10 19:00:00+00:00,0.3492,False,ListC_field9,-0.683,True
2024-01-10 20:00:00+00:00,0.3388,False,ListC_field9,-0.328,True
2024-01-10 21:00:00+00:00,0.3648,False,ListC_field9,-1.083,True
2024-01-10 22:00:00+00:00,0.3562,False,ListA_field3,-1.064,True
2024-01-10 23:00:00+00:00,0.3425,False,ListD_field11,-0.459,True
2024-01-11 00:00:00+00:00,0.382,False,ListD_field11,-1.032,True
2024-01-11 01:00:00+00:00,0.3425,False,ListE_field13,-0.255,True
2024-01-11 02:00:00+00:00,0.3523,False,ListA_field2,-0.674,True
2024-01-11 03:00:00+00:00,0.3726,False,ListD_field10,-0.877,True
2024-01-11 04:00:00+00:00,0.3388,False,ListE_field14,-0.346,True
2024-01-11 05:00:00+00:00,0.4386,False,ListE_field15,-0.883,True
2024-01-11 06:00:00+00:00,0.3634,False,ListD_field11,-0.824,True
2024-01-11 07:00:00+00:00,0.3591,False,ListA_field2,-0.459,True
2024-01-11 08:00:00+00:00,0.4348,False,ListE_field14,-0.71,True
2024-01-11 09:00:00+00:00,0.3485,False,ListE_field15,-0.263,True
2024-01-11 10:00:00+00:00,0.3421,False,ListA_field2,-0.638,True
2024-01-11 11:00:00+00:00,0.3565,False,ListD_field10,-0.644,True
2024-01-11 12:00:00+00:00,0.35,False,ListD_field11,-0.698,True
2024-01-11 13:00:00+00:00,0.3341,False,ListE_field13,-0.146,True
2024-01-11 14:00:00+00:00,0.363,False,ListD_field10,-0.912,True
2024-01-11 15:00:00+00:00,0.4755,False,ListB_field6,-0.749,True
2024-01-11 16:00:00+00:00,0.3775,False,ListA_field2,-0.674,True
2024-01-11 17:00:00+00:00,0.3983,False,ListD_field11,-1.837,True
2024-01-11 18:00:00+00:00,0.3412,False,ListE_field13,-0.514,True
2024-01-11 19:00:00+00:00,0.4013,False,ListD_field11,-1.765,True
2024-01-11 20:00:00+00:00,0.3672,False,ListB_field4,-0.853,True
2024-01-11 21:00:00+00:00,0.4025,False,ListD_field10,-1.317,True
2024-01-11 22:00:00+00:00,0.3961,False,ListE_field13,-1.651,True
2024-01-11 23:00:00+00:00,0.3982,False,ListD_field11,-1.91,True
2024-01-12 00:00:00+00:00,0.3424,False,ListA_field2,-0.674,True
2024-01-12 01:00:00+00:00,0.4152,False,ListA_field3,-1.438,True
2024-01-12 02:00:00+00:00,0.3539,False,ListD_field10,-0.722,True
2024-01-12 03:00:00+00:00,0.3777,False,ListE_field14,-0.732,True
2024-01-12 04:00:00+00:00,0.3667,False,ListD_field11,-0.808,True
2024-01-12 05:00:00+00:00,0.4957,False,ListD_field11,-1.064,True
2024-01-12 06:00:00+00:00,0.3709,False,ListD_field11,-1.115,True
2024-01-12 07:00:00+00:00,0.44,False,ListE_field13,-1.705,True
2024-01-12 08:00:00+00:00,0.4625,False,ListD_field11,-1.311,True
2024-01-12 09:00:00+00:00,0.4773,False,ListD_field11,-1.857,True
2024-01-12 10:00:00+00:00,0.489,False,ListD_field11,-2.112,True
2024-01-12 11:00:00+00:00,0.4009,False,ListB_field4,-1.455,True
2024-01-12 12:00:00+00:00,0.495,False,ListD_field11,-3.252,True
2024-01-12 13:00:00+00:00,0.4692,False,ListD_field11,-1.996,True
2024-01-12 14:00:00+00:00,0.4014,False,ListB_field4,-0.84,True
2024-01-12 15:00:00+00:00,0.4948,False,ListB_field6,-0.749,True
2024-01-12 16:00:00+00:00,0.4465,False,ListD_field11,-2.258,True
2024-01-12 17:00:00+00:00,0.4526,False,ListD_field11,-1.459,True
2024-01-12 18:00:00+00:00,0.4017,False,ListD_field11,-1.631,True
2024-01-12 19:00:00+00:00,0.3928,False,ListD_field11,-1.35,True
2024-01-12 20:00:00+00:00,0.3546,False,ListA_field2,-0.674,True
2024-01-12 21:00:00+00:00,0.4208,False,ListE_field14,-1.123,True
2024-01-12 22:00:00+00:00,0.3507,False,ListD_field11,-0.506,True
2024-01-12 23:00:00+00:00,0.3457,False,ListE_field13,-0.962,True
