,ListA_field1,ListA_field2,ListA_field3,ListB_field4,ListB_field5,ListB_field6,ListC_field7,ListC_field8,ListC_field9,ListD_field10,ListD_field11,ListD_field12,ListE_field13,ListE_field14,ListE_field15
2023-12-18 00:00:00+00:00,0,0.000522466,0.006669843,0.187223169,0,0,0,0,0.102871839,0.007138608,0.026686163,0,0.014356117,0.075206427,0
2023-12-18 01:00:00+00:00,0,0,0.032083697,0.173089701,0,0,0,0.000291886,0.062848981,0.003171247,0.011195753,0,0.01033033,0.047604835,0.00012012
2023-12-18 02:00:00+00:00,9.82E-05,0,0.006150765,0.223738465,0,0,0,0,0.061288305,0.008142812,0.013510638,0,0.008561451,0.042184265,0
2023-12-18 03:00:00+00:00,0,0.000156323,0.012910284,0.163394745,0,,0,0,0.074163159,0.004388715,0.037372948,0,0.008016731,0.054674686,0
2023-12-18 04:00:00+00:00,8.79E-05,0,0.002997524,0.105508214,0,0,0,0,0.097948379,0.00108313,0.024803332,0.00024728,0.00646744,0.017291388,0
2023-12-18 05:00:00+00:00,0.000529451,0.000266525,0.004669723,0.115221707,0,,0.004361479,0,0.065192701,0.013009979,0.018819622,0.000500563,0.007824599,0.035650358,0.000326025
2023-12-18 06:00:00+00:00,0.000157004,0.000159014,0.016886817,0.088354202,0,0,5.22E-05,0,0.030349954,0.002752504,0.017140941,6.50E-05,0.01281047,0.089029998,0.00055297
2023-12-18 07:00:00+00:00,0.000186261,3.69E-05,0.007218923,0.106094472,0,0,0,0,0.035240977,0.001464242,0.028055342,0,0.002712433,0.105590577,0.007150959
2023-12-18 08:00:00+00:00,0.000266574,0.000133113,0.012214057,0.088129448,0,0.032258065,7.16E-05,0.000184621,0.030912926,0.002377217,0.039619523,0,0.011872203,0.056058165,0.312189209
2023-12-18 09:00:00+00:00,0.000925954,6.04E-05,0.013531654,0.125242689,0,0,0,0,0.050065636,0.001562611,0.033060504,5.18E-05,0.007842578,0.06562689,0.199344075
2023-12-18 10:00:00+00:00,0.000313338,0.000350349,0.016548594,0.166904571,0,0,0.00028071,0,0.052120853,0.001326666,0.036164996,7.48E-05,0.005056835,0.098332099,0.04719713
2023-12-18 11:00:00+00:00,0.000489545,0.000339478,0.018805007,0.159276873,0,0,0.000153972,0,0.058190667,0.003120709,0.035130572,6.84E-05,0.004932338,0.072101696,0.044095949
2023-12-18 12:00:00+00:00,0.001281367,0.000362096,0.020028003,0.16846414,0,0.25,0.000550327,0,0.060979299,0.003144324,0.035074016,0.002912692,0.009346208,0.048702045,0.100283487
2023-12-18 13:00:00+00:00,0.000348578,0.000177487,0.018119115,0.131797267,0,1.333333333,0,0.00026178,0.055944958,0.002165618,0.031309743,0,0.007008873,0.051327434,0.101810963
2023-12-18 14:00:00+00:00,8.47E-05,0.00025482,0.011669498,0.101995315,0,0,0,0.000200501,0.040145119,0.006546443,0.027377833,0.00011534,0.006394775,0.046002191,0.104357291
2023-12-18 15:00:00+00:00,0.000114828,7.80E-05,0.010085061,0.113909515,0,0,0,0,0.044782028,0.00311993,0.018375912,0,0.002703198,0.044302203,0.005452213
2023-12-18 16:00:00+00:00,7.01E-05,0.000358783,0.005073666,0.151995511,0,1.333333333,0,0,0.066262914,0.00398109,0.018318318,0,0.004218711,0.035063752,0.000579039
2023-12-18 17:00:00+00:00,6.54E-05,6.64E-05,0.013325257,0.108191149,0,,0,0,0.053748412,0.006495194,0.019308172,0,0.003117985,0.02842342,0.007732602
2023-12-18 18:00:00+00:00,0,5.70E-05,0.012899263,0.071010208,0,0,0,0.000257599,0.021298523,0.003873467,0.006254343,0,0.001447876,0.013576416,0.004971042
2023-12-18 19:00:00+00:00,0.000113675,0.000121743,0.007239315,0.104694782,0,0.428571429,0,0,0.027163052,0.002972652,0.010136073,0,0.001663773,0.007744805,0
2023-12-18 20:00:00+00:00,0,0,0.033858,0.086252604,0,0,0,0,0.026792932,0.004471545,0.009199247,0,0.002173441,0.0392874,0.028472071
2023-12-18 21:00:00+00:00,0,9.65E-05,0.004562653,0.098085671,0,0,0,0,0.035136956,0.007011866,0.020725912,0,0.002092269,0.009031832,0
2023-12-18 22:00:00+00:00,0,0.000354108,0.001971954,0.133703768,0,,0,0,0.032185322,0.004601933,0.01538173,0,0.003636364,0.014184397,0
2023-12-18 23:00:00+00:00,0,0,0.01243226,0.110597896,0,,0,0,0.062481404,0.005037783,0.028462998,0,0.019784173,0.014916468,0
2023-12-19 00:00:00+00:00,0,0,0.007357269,0.128359406,0,0,0,0.000591017,0.097867001,0.00349895,0.014458351,0,0.006076618,0.017158047,0
2023-12-19 01:00:00+00:00,0,8.81E-05,0.041211207,0.116301075,0,0,0,0,0.079148296,0.003652711,0.010050251,0.000156715,0.002758489,0.033163554,0.018738704
2023-12-19 02:00:00+00:00,0.00021164,0,0.018544491,0.175026455,0,0,0,0,0.088759005,0.003250711,0.014505997,0,0.004774146,0.042745931,0.000367242
2023-12-19 03:00:00+00:00,8.94E-05,0,0.004488232,0.115013405,0,,0,0,0.035512286,0.003507014,0.012671233,0,0.002378556,0.009623549,0.000182966
2023-12-19 04:00:00+00:00,0,0.000558503,0.004624277,0.115709381,0,0,0,0,0.076086957,0.032064128,0.051020408,0,0.001902417,0.019009148,0
2023-12-19 05:00:00+00:00,0.000554221,0.00012387,0.010717688,0.115524355,0,0,0.000251509,0.00011609,0.045674101,0.001590603,0.023801845,0,0.01303166,0.073165648,0.000239846
2023-12-19 06:00:00+00:00,0.000233636,3.95E-05,0.015452761,0.168607141,0,0,0.024661893,0,0.057437926,0.002155637,0.017772512,0,0.028627708,0.078467235,0.001138105
2023-12-19 07:00:00+00:00,7.59E-05,0.000225301,0.007634794,0.132024605,0,0,0,0.000152497,0.041084599,0.002086677,0.024301475,0,0.007073348,0.119135639,0.000300081
2023-12-19 08:00:00+00:00,0.000165262,8.32E-05,0.014370147,0.138117667,0,0,0.000183857,0,0.04118423,0.00193094,0.025957447,0,0.003500986,0.078621457,0.007840237
2023-12-19 09:00:00+00:00,0.000191902,0.000806545,0.014155713,0.146075609,0,0,5.61E-05,0,0.053325901,0.005737807,0.03341871,8.77E-05,0.004670448,0.091323181,0.00081018
2023-12-19 10:00:00+00:00,0.001523474,0.000523771,0.015778583,0.170067754,0,0,0.000237699,0,0.072551929,0.002912364,0.031920507,0,0.00453655,0.067329728,0.00061862
2023-12-19 11:00:00+00:00,0.001541454,7.25E-05,0.016237729,0.178294858,0,0.222222222,0.000113353,0,0.068168346,0.002958997,0.031723198,0,0.005305401,0.087738665,0.000634834
2023-12-19 12:00:00+00:00,0.001658,0.000312378,0.016124286,0.190368528,0,0,0.000124085,0,0.070703654,0.002776235,0.04009778,8.35E-05,0.00487013,0.045995526,0.000688705
2023-12-19 13:00:00+00:00,0.000946659,0.000148915,0.015035172,0.156817768,0,0,0.000224505,0.000101595,0.068071461,0.001591187,0.026531468,0,0.005340055,0.038554017,0.000341763
2023-12-19 14:00:00+00:00,0.000351358,3.53E-05,0.015748788,0.134534978,0,0,5.55E-05,0,0.051156392,0.002150207,0.018007203,0,0.003352649,0.06110774,0.000538079
2023-12-19 15:00:00+00:00,0.000133422,0.000138325,0.011490683,0.126484323,0,0.05,7.10E-05,0,0.044199211,0.002284844,0.018851958,0,0.002895287,0.052681143,0.000428931
2023-12-19 16:00:00+00:00,6.57E-05,0.000203197,0.005811272,0.116456362,0,0,0,0,0.06063477,0.00505476,0.016717005,0.000139723,0.002332634,0.037817938,0.000544281
2023-12-19 17:00:00+00:00,0,0.000135336,0.010127017,0.107763462,0,,0,0.000225479,0.053810204,0.012792597,0.013430657,0,0.001726157,0.030529126,0
2023-12-19 18:00:00+00:00,0,0.000176315,0.003858875,0.080175855,0,0,0,0.000533476,0.025870598,0.001832173,0.008480895,0,0.001595359,0.017922969,0
2023-12-19 19:00:00+00:00,0,0.000206633,0.007261905,0.096848655,0,0,0,0,0.032680382,0.003659174,0.00832811,0,0.001606957,0.006453565,0
2023-12-19 20:00:00+00:00,0,0.000378692,0.007491209,0.122246969,0,0,0,0,0.042911034,0.000925497,0.01199173,0,0.002682563,0.010720479,0
2023-12-19 21:00:00+00:00,0,0.000202696,0.005120619,0.091124728,0,0,0.000149925,0,0.031093963,0.004291845,0.016915107,0,0.002335929,0.010446009,0
2023-12-19 22:00:00+00:00,0,0.000492449,0.002496639,0.129668553,0,,0,0,0.039495642,0.003410641,0.028511822,0,0.003683241,0.009819022,0
2023-12-19 23:00:00+00:00,0,0,0.011009604,0.112052368,0,0,0.000271518,0,0.076708807,0.001711352,0.015980823,0,0.043621013,0.011150758,0.000234522
2023-12-20 00:00:00+00:00,0,0.00042123,0.004813478,0.141174039,0,0,0.000318573,0,0.088517956,0.004819277,0.018268813,0,0.009387352,0.011976048,0
2023-12-20 01:00:00+00:00,0,0,0.012962696,0.125719855,0,0,0,0.000241838,0.046497015,0.002717391,0.012920139,0,0.003362886,0.015329125,0.000407623
2023-12-20 02:00:00+00:00,8.11E-05,0.000166834,0.013736264,0.139334955,0,0,0,0,0.073632162,0.003018412,0.014291901,0.000154416,0.008486431,0.026318594,0
2023-12-20 03:00:00+00:00,0.00038088,0,0.009653674,0.151590173,0,0,0.000114364,0,0.052069146,0.001761726,0.013790533,0,0.005050505,0.018829926,9.53E-05
2023-12-20 04:00:00+00:00,0.000165399,0.000503229,0.005840127,0.153655309,0,0,0.000112423,0,0.059702905,0.01937046,0.032484786,0,0.003254017,0.022117893,0.000101688
2023-12-20 05:00:00+00:00,0.000110072,0,0.004084312,0.122729774,0,0,0.000160192,0,0.034682081,0.001323229,0.020628684,0.000375563,0.011477317,0.034320062,0.000310198
2023-12-20 06:00:00+00:00,0.000285053,0.000251536,0.008801095,0.113415286,0,0.083333333,0.005065717,0,0.043921724,0.002374008,0.019408073,0,0.015017034,0.066164755,8.97E-05
2023-12-20 07:00:00+00:00,0.000227929,7.65E-05,0.016032594,0.174251633,0,0.013888889,0.019754147,0,0.057233776,0.00143859,0.022222222,0,0.019446788,0.12129244,0.001065577
2023-12-20 08:00:00+00:00,0.000646041,0.00021599,0.016123982,0.127736702,0,0,5.51E-05,9.09E-05,0.044663425,0.004881521,0.023452192,7.30E-05,0.003574386,0.236869166,0.000435901
2023-12-20 09:00:00+00:00,0.000539724,0.000331773,0.014353539,0.15511658,0,0,5.53E-05,0.000194894,0.067455083,0.002723312,0.030022547,8.01E-05,0.003848092,0.098296982,0.00146594
2023-12-20 10:00:00+00:00,0.000696864,0.000712251,0.015666385,0.158371539,0,0,0,0.00031211,0.057608595,0.002735165,0.035230775,0,0.004736447,0.108628997,0.00135997
2023-12-20 11:00:00+00:00,0.000269215,0.000176979,0.015557618,0.173206353,0,0,0.000210018,8.97E-05,0.064572926,0.004432133,0.0287891,0,0.004463299,0.059464054,0.000486102
2023-12-20 12:00:00+00:00,0.001805229,0.00033484,0.025535055,0.17549402,0,0.25,0.000253229,0.000254539,0.068482616,0.002394949,0.029683332,0,0.005330036,0.034521917,0.004562511
2023-12-20 13:00:00+00:00,0.000207132,0.000247998,0.015801354,0.158525218,0,0,5.53E-05,9.96E-05,0.057287241,0.005682505,0.030695253,6.50E-05,0.00661786,0.027838343,0.000785871
2023-12-20 14:00:00+00:00,0.000157769,0.000129955,0.012792695,0.123816736,0,0.052631579,0,0.000213333,0.04714895,0.00180681,0.02098338,6.09E-05,0.002443793,0.020282017,0.000676743
2023-12-20 15:00:00+00:00,0.00016756,8.59E-05,0.007602373,0.105730563,0,0.214285714,6.75E-05,0.000220507,0.040229562,0.002012612,0.014785609,0.000403063,0.003126103,0.018968134,0.000907578
2023-12-20 16:00:00+00:00,6.06E-05,0.000242645,0.009891622,0.118829871,0,0,0,0,0.062834429,0.003265128,0.017172369,0,0.003303886,0.026403642,0.000215471
2023-12-20 17:00:00+00:00,0,0,0.006808235,0.104817627,0,,0,0,0.095575654,0.002821793,0.012267227,0,0.002217554,0.008250215,5.84E-05
2023-12-20 18:00:00+00:00,0,0.000257202,0.002397363,0.082993813,0,0,0,0,0.032557268,0.003454231,0.008214364,7.16E-05,0.001421888,0.00587328,0
2023-12-20 19:00:00+00:00,0,9.25E-05,0.006661732,0.156810036,0,0,0,0,0.029164497,0.003036437,0.010827533,0,0.001476233,0.006683375,0
2023-12-20 20:00:00+00:00,0,0.000240558,0.003401843,0.135859301,0,0,0,0,0.03570334,0.004889976,0.018292683,0.000211149,0.003639927,0.003677552,0
2023-12-20 21:00:00+00:00,0,0.000397931,0.004907975,0.100869905,0,,0,0,0.030118404,0.004104669,0.015656194,0,0.001643655,0.007656583,0
2023-12-20 22:00:00+00:00,0,0,0.002564103,0.132756675,0,,0,0,0.047184509,0.006403941,0.010774548,0,0.018693644,0.013895216,0
2023-12-20 23:00:00+00:00,0,0.001284522,0.008926417,0.117458964,0,,0,0,0.040164529,0.003496503,0.023697742,0,0.005138746,0.015533981,0.001027749
2023-12-21 00:00:00+00:00,0,0.000206911,0.010653614,0.165961732,0,0,0,0,0.083850161,0.002248454,0.018407534,0,0.008492569,0.016361416,0
2023-12-21 01:00:00+00:00,0,0,0.013344656,0.124704492,0,0,0.000125786,0,0.048017621,0.003223207,0.012139605,0,0.002515372,0.013569125,0.000372648
2023-12-21 02:00:00+00:00,9.07E-05,0.000190367,0.005455963,0.135279717,0,,0.00026571,0,0.072112676,0.004286939,0.020610462,0,0.006465517,0.011024008,0.000102627
2023-12-21 03:00:00+00:00,9.13E-05,0.000379363,0.015123948,0.153347338,0,,0,0,0.048897599,0.00272056,0.01661906,0,0.002841169,0.020522208,0
2023-12-21 04:00:00+00:00,7.63E-05,0.000155994,0.001464129,0.134274809,0,0.5,0,0,0.060268262,0.018588183,0.027507824,0,0.002167562,0.030997959,0
2023-12-21 05:00:00+00:00,0.000503187,0.000339501,0.006955287,0.097730068,0,0.5,0.00021909,0,0.034487107,0.000565931,0.016067777,0,0.005506424,0.041818869,0.000333723
2023-12-21 06:00:00+00:00,0.000242988,0.00010449,0.007558243,0.100527631,0,0,0.000189206,6.26E-05,0.035645472,0.002652168,0.020463847,5.97E-05,0.012071683,0.106897755,0.002074172
2023-12-21 07:00:00+00:00,0.000222923,0.000159903,0.013540473,0.098722971,0,0,0,0,0.035851952,0.000909473,0.020057772,0,0.009386687,0.15626996,0.000486163
2023-12-21 08:00:00+00:00,0.000471046,0.000220806,0.007336616,0.106801909,0,0.170212766,0,0,0.04862219,0.00326685,0.023115681,0.000130514,0.015857566,0.194395188,0.002311717
2023-12-21 09:00:00+00:00,0.000243877,0.000527575,0.010076875,0.141971223,0,0.125,0.000159676,9.15E-05,0.085664186,0.001899135,0.026105169,0,0.003864225,0.14158648,0.000614763
2023-12-21 10:00:00+00:00,0.000788304,0.000505744,0.014732866,0.174537767,0,0,0.008805662,0,0.099828262,0.002997776,0.037216949,0,0.012658796,0.151024064,0.001795574
2023-12-21 11:00:00+00:00,0.000242947,0.000401805,0.0213311,0.168635549,0,0.166666667,4.40E-05,0,0.057816314,0.004011142,0.032108032,0,0.003384355,0.133801214,0.000576879
2023-12-21 12:00:00+00:00,0.000634697,0.000584048,0.026935133,0.186318759,0,0,0.000512295,0.000188947,0.067616453,0.0036038,0.033897011,0,0.006364889,0.068041151,0.004939914
2023-12-21 13:00:00+00:00,9.90E-05,0.000277316,0.015610652,0.148888449,0,0,5.39E-05,0.000591075,0.056052874,0.004496294,0.023665942,6.46E-05,0.005498475,0.043645305,0.000642158
2023-12-21 14:00:00+00:00,0.000343085,6.36E-05,0.018127022,0.126879172,0,0,0.000292213,0,0.048415322,0.002692308,0.018050419,0,0.003949447,0.057523636,0.000977958
2023-12-21 15:00:00+00:00,0,0.000139919,0.013849688,0.113011715,0,0,0.000451331,0.000263783,0.048945966,0.006481815,0.023078788,0,0.0040189,0.035360927,0.000814642
2023-12-21 16:00:00+00:00,0.000184991,0.000192938,0.009413854,0.127458839,0,,0.000205761,0,0.08204098,0.007361672,0.018986486,0.000135428,0.002752157,0.035697135,0.00029753
2023-12-21 17:00:00+00:00,0,6.27E-05,0.024012393,0.124444719,0,,0,0.000411607,0.061287448,0.012124407,0.012570173,0,0.00324823,0.037157712,0.000259858
2023-12-21 18:00:00+00:00,5.21E-05,0,0.006831903,0.071819176,0,,0,0,0.036584636,0.004654493,0.007511737,0,0.002233324,0.00917507,0
2023-12-21 19:00:00+00:00,0,0.000359669,0.008600237,0.173216549,0,0,0,0,0.024845153,0.005097312,0.010942926,0,0.001357681,0.005947324,0
2023-12-21 20:00:00+00:00,0,0.000137165,0.003716871,0.086308742,0,,7.56E-05,0,0.025606469,0.004700353,0.010627908,0,0.002447615,0.002358491,0
2023-12-21 21:00:00+00:00,0,5.81E-05,0.002901012,0.075506952,0,0,0,0,0.027123599,0.0042337,0.0137781,0,0.002446562,0.005636979,0
2023-12-21 22:00:00+00:00,0,0.00081367,0.002521538,0.112807328,0,0,0,0,0.027006023,0.005332041,0.020112915,0,0.004197482,0.016449477,0
2023-12-21 23:00:00+00:00,0,0.00040992,0.007949892,0.104052128,0,,0,0.001870324,0.064864865,0.003795066,0.024867163,0,0.058204769,0.008622699,0
2023-12-22 00:00:00+00:00,0,0.000526131,0.002047316,0.133540373,0,0,0,0,0.034963622,0.002713704,0.018823951,0,0.006129398,0.008754864,0
2023-12-22 01:00:00+00:00,0,0,0.015805705,0.129126297,0,0,0,0.000461787,0.059341826,0.001763668,0.008794995,0,0.006162141,0.015881419,9.63E-05
2023-12-22 02:00:00+00:00,0.00020858,0.000217865,0.00871506,0.113606341,0,0,0,0,0.058013585,0.002236511,0.017338437,0,0.008953779,0.02482235,0.000161329
2023-12-22 03:00:00+00:00,0,7.54E-05,0.01335842,0.165170689,0,0,0,0,0.041774194,0.001714678,0.010184015,0,0.005830032,0.023515533,7.47E-05
2023-12-22 04:00:00+00:00,0,0.000144519,0.004249432,0.103078024,0,0,0,0,0.052593946,0.010001563,0.016972917,0,0.006091472,0.022627672,9.99E-05
2023-12-22 05:00:00+00:00,4.39E-05,4.55E-05,0.002781319,0.084135143,0,0,0.000124743,8.00E-05,0.028180907,0.001618674,0.012493183,0,0.006171331,0.035294118,0.000305511
2023-12-22 06:00:00+00:00,0.000310182,0.000216726,0.007975142,0.076950914,0,0.076923077,0.000148478,0.000287329,0.025316046,0.001685057,0.018996426,0,0.008152078,0.040326382,0.001194701
2023-12-22 07:00:00+00:00,0.000257659,0.000183112,0.014028499,0.081059493,0,0,3.80E-05,0,0.032387598,0.001986492,0.018185844,0,0.002911302,0.040555446,0.006501909
2023-12-22 08:00:00+00:00,8.48E-05,5.87E-05,0.009976549,0.095067239,0,0,4.90E-05,0,0.039097624,0.002956167,0.014332465,0,0.003274913,0.043727258,0.005614136
2023-12-22 09:00:00+00:00,0.000210754,0.00029976,0.010032103,0.103295661,0,0,4.05E-05,6.72E-05,0.045468821,0.002989154,0.02808892,0,0.005456072,0.028829934,0.002238388
2023-12-22 10:00:00+00:00,0.000290055,0.000258551,0.015239877,0.115659331,0,0,0.000285339,0,0.043661017,0.002655889,0.022996593,8.16E-05,0.004744958,0.045950603,0.002189981
2023-12-22 11:00:00+00:00,0.000405738,0.000177846,0.013943112,0.116041153,0,0,8.87E-05,0,0.048930921,0.002107297,0.022558943,0.000120351,0.002766619,0.036508882,0.001857045
2023-12-22 12:00:00+00:00,0.000868083,0.000361402,0.025729993,0.133299039,0,0.090909091,0.000585542,0,0.05218503,0.002633807,0.027638022,0,0.003767804,0.038942536,0.00587943
2023-12-22 13:00:00+00:00,0.000322404,0.000268357,0.016239126,0.122642422,0,0,0.000108044,0.000169062,0.054180995,0.00262759,0.017224224,0,0.005963373,0.041004673,0.004963066
2023-12-22 14:00:00+00:00,0.00034638,9.72E-05,0.011938139,0.119532701,0,0,0.000107486,0,0.04938721,0.003962358,0.017504333,0,0.002744598,0.042028342,0.004986664
2023-12-22 15:00:00+00:00,0.000130634,0.000273486,0.011362938,0.123753538,0,0.238095238,0.000387807,0,0.056970428,0.004313205,0.018311579,0,0.003617711,0.045339198,0.003887689
2023-12-22 16:00:00+00:00,0,6.45E-05,0.01330141,0.134428072,0,0,0,0,0.054049758,0.005125577,0.016874789,0,0.003371906,0.048492792,0.000842976
2023-12-22 17:00:00+00:00,0,6.57E-05,0.005102867,0.108106368,0,,0,0.000451569,0.061772781,0.016448285,0.0123644,0,0.001681824,0.022690217,0
2023-12-22 18:00:00+00:00,0,0,0.003629032,0.098063526,0,0.5,0,0,0.036212792,0.002182612,0.009287926,0,0.00273619,0.009702887,0.000103252
2023-12-22 19:00:00+00:00,0,0.000391389,0.00943698,0.160212604,0,0,0,0.000394166,0.033124179,0.002475248,0.008517542,0,0.002121254,0.013584042,0
2023-12-22 20:00:00+00:00,0,9.66E-05,0.004880165,0.123664122,0,,0,0,0.032648763,0.002793296,0.007826432,0,0.002037697,0.017575823,0
2023-12-22 21:00:00+00:00,0.000192567,0.000194515,0.007426929,0.16425958,0,,0,0,0.041283322,0.000667111,0.032080861,0,0.005367561,0.012700025,0
2023-12-22 22:00:00+00:00,0,0,0.005563282,0.196774194,0,,0,0,0.045337621,0.006423983,0.012319712,0,0.003604194,0.012461059,0
2023-12-22 23:00:00+00:00,0,0.000532198,0.00255102,0.178270042,0,,0,0,0.050394657,0.001736111,0.026979472,0,0.004545455,0.006798097,0
2023-12-25 00:00:00+00:00,0,0,0.011986301,0.150731159,0,,0,0,0.128205128,0.008403361,0.025839793,0,0.009776536,0.009102731,0
2023-12-25 01:00:00+00:00,0.0008,0,0.017610063,0.164,0,,0,0,0.101470588,0.018292683,0.02207686,0,0.009972801,0.020792079,0
2023-12-25 02:00:00+00:00,0,0,0.036697248,0.233441911,0,,0,0,0.137784091,0.005847953,0.030480657,0,0.03125,0.040247678,0
2023-12-25 03:00:00+00:00,0,0,0.043209877,0.280225989,0,,0,0,0.150265957,0.005347594,0.026624068,0,0,0.050322581,0
2023-12-25 04:00:00+00:00,0.004962779,0.003649635,0.092105263,0.230769231,0,,0,0,0.115942029,0.015151515,0.108108108,0,0.017621145,0.070028011,0
2023-12-25 05:00:00+00:00,0.00219539,0.002098636,0.045075125,0.234906696,0,,0,0,0.11001642,0,0.088729017,0,0.012838802,0.04494382,0
2023-12-25 06:00:00+00:00,0.002437835,0,0.066282421,0.241833252,0,,0.004955401,0,0.111032028,0.001572327,0.069742489,0,0.013103038,0.202558635,0.002977963
2023-12-25 07:00:00+00:00,0.001826484,0.000890472,0.112350598,0.312328767,0,,0,0,0.15917202,0,0.135860979,0,0.050876201,0.118877551,0.000565291
2023-12-25 08:00:00+00:00,0,0.002057613,0.104950495,0.245362059,0,,0,0,0.097211155,0.011363636,0.125416204,0,0.011118833,0.138533178,0.002779708
2023-12-25 09:00:00+00:00,0.00837258,0.002160994,0.125297383,0.210361068,0,,0,0,0.121402878,0.004115226,0.086306099,0,0.012789281,0.190283401,0.003045067
2023-12-25 10:00:00+00:00,0.006859383,0.002069322,0.08424337,0.187653111,0,,0,0,0.115384615,0.003838772,0.151008646,0,0.004703116,0.189808917,0.005291005
2023-12-25 11:00:00+00:00,0.02565445,0.000554631,0.095825427,0.336125654,0,,0.001754386,0,0.147518695,0.004024145,0.13647199,0,0.010958904,0.143224149,0.017123288
2023-12-25 12:00:00+00:00,0.0155,0.001078749,0.123989218,0.2985,0,,0.002727273,0.00129199,0.123044097,0.015841584,0.160025707,0.001303781,0.015072084,0.130735387,0.013761468
2023-12-25 13:00:00+00:00,0.008264463,0.00384369,0.177802945,0.291617473,0,,0.001017294,0,0.137192704,0.004524887,0.118302018,0,0.011678832,0.130434783,0.005109489
2023-12-25 14:00:00+00:00,0,0.000992063,0.078566939,0.124015748,0,0,0,0,0.044345898,0,0.035133718,0,0.009868421,0.137526652,0.000548246
2023-12-25 15:00:00+00:00,0,0.001360544,0.097142857,0.18119891,0,,0,0,0.116531165,0,0.164051355,0.002109705,0.00622084,0.120930233,0.00777605
2023-12-25 16:00:00+00:00,0.004830918,0,0.109090909,0.169082126,0,,0,0,0.086956522,0.027027027,0.254054054,0,0.005747126,0.077777778,0.022988506
2023-12-25 17:00:00+00:00,0,0,0.003144654,0.043701799,0,,0,0,0.025,0,0.096858639,0,0,0.019337017,0
2023-12-25 18:00:00+00:00,0,0,0,0.0859375,,,0,0,0.122222222,0,0.1,0,0,0.017699115,0
2023-12-25 19:00:00+00:00,0,0,0,0.06557377,0,,0,0,0.047619048,0,0.089285714,0,0,0.018518519,0
2023-12-25 20:00:00+00:00,0,0,0.009375,0.096774194,0,,0,0,0.038596491,0,0.049411765,0,0,0.006993007,0
2023-12-25 21:00:00+00:00,0,0.005,0.019685039,0.153284672,0,,0,0,0.045180723,0,0.174934726,0,0.005449591,0.050420168,0
2023-12-25 22:00:00+00:00,0,0,0.004975124,0.115671642,0,,0,0,0.04496788,0.003278689,0.052224371,0,0.003898635,0.047151277,0
2023-12-25 23:00:00+00:00,0,0,0.003952569,0.168407311,0,,0,0,0.203442879,0,0.006784261,0,0.215859031,0.001438849,0
2023-12-26 00:00:00+00:00,0.003121998,0,0.001894537,0.10518732,0,,0,0,0.122460497,0.003210273,0.031617349,0,0.011333915,0.011637348,0.003923278
2023-12-26 01:00:00+00:00,0.005816208,0,0.024032043,0.22489337,0,,0.000584454,0,0.08201732,0.007407407,0.025020851,0,0.014427412,0.020441097,0.004959423
2023-12-26 02:00:00+00:00,0.000239578,0,0.004631416,0.277671299,0,,0,0,0.105332025,0.005370569,0.033743134,0,0.013986014,0.039370079,0
2023-12-26 03:00:00+00:00,0,0.000580215,0.009134234,0.191319246,0,,0,0,0.081596452,0.002020202,0.06126181,0,0.005320814,0.037578982,0
2023-12-26 04:00:00+00:00,0,0.001236603,0.003921569,0.294762485,0,,0,0,0.14362851,0.001879699,0.136039251,0,0.008525577,0.03388998,0
2023-12-26 05:00:00+00:00,0.003694297,0,0.032344214,0.214269222,0,0,0.000923077,0,0.077733485,0.002187227,0.053312426,0.00035727,0.020876827,0.075025694,0.002870564
2023-12-26 06:00:00+00:00,0.000153988,0.000319234,0.025409641,0.448875885,0,,0.000337838,0.000569476,0.245878136,0.003448276,0.048583722,0,0.010085633,0.076190476,0.001712655
2023-12-26 07:00:00+00:00,0.000496894,0.000503208,0.038716814,0.361118012,0,,0.000462107,0,0.185204991,0.002518892,0.051209551,0,0.013079283,0.107973937,0.000645891
2023-12-26 08:00:00+00:00,0.000600024,0.000492065,0.024017079,0.317172687,0,,0,0,0.16863529,0.001912046,0.066496548,0,0.015170494,0.048954973,0.000417537
2023-12-26 09:00:00+00:00,0.000108778,0.00078221,0.020542033,0.292505167,0,0,0,0.00040016,0.177532109,0.001801802,0.051541367,0,0.005016722,0.055913389,0.000257268
2023-12-26 10:00:00+00:00,0.001376936,0.001998824,0.018622311,0.299942628,0,,0.000213584,0,0.170084439,0.00140056,0.083922012,0,0.007338951,0.046368715,0.000951345
2023-12-26 11:00:00+00:00,0.001027297,0.000675422,0.027745395,0.253889052,0,,0.001124016,0.000196117,0.098449851,0.009800363,0.066678713,0,0.008015302,0.05748383,0.00337007
2023-12-26 12:00:00+00:00,0.003758009,0.000822525,0.035576037,0.229916215,0,0,0.004180602,0,0.092925114,0.004608295,0.051476315,0,0.007920941,0.053715141,0.006563066
2023-12-26 13:00:00+00:00,0.000376449,0.000306326,0.042732167,0.233850324,0,0,0.00055656,0,0.099799286,0.00902379,0.0489338,0,0.007711181,0.092068726,0.001314406
2023-12-26 14:00:00+00:00,0.000420067,0.000306147,0.02804428,0.129920787,0,0,0,0.000310945,0.058878425,0.003578732,0.028380126,0,0.006203174,0.048421863,0.000322243
2023-12-26 15:00:00+00:00,0.000248942,0.000424989,0.014422559,0.150029043,0,,0,0,0.056166763,0.00741771,0.042812589,0.000155448,0.005703993,0.054039301,0.001300911
2023-12-26 16:00:00+00:00,0,0.000201471,0.007248188,0.116747741,0,0,0.000184843,0.000307977,0.040261628,0.007358953,0.023201112,0,0.001662418,0.054926891,0.000443312
2023-12-26 17:00:00+00:00,0.000141824,0,0.028878193,0.122677634,0,1,0,0,0.04647619,0.005015674,0.023805668,0.000307125,0.003065395,0.072853244,0.0001703
2023-12-26 18:00:00+00:00,0,0.000387898,0.010166248,0.062632375,0,0.333333333,0,0,0.019520456,0.007598143,0.02442623,0,0.001601889,0.017303176,0
2023-12-26 19:00:00+00:00,0,0.000169607,0.007262022,0.124008418,0,0,0.000275786,0.000444247,0.035946978,0.002859185,0.019726027,0,0.005735041,0.014108965,0
2023-12-26 20:00:00+00:00,0,0,0.005565863,0.11868231,0,0,0,0.000741565,0.031724668,0.004197272,0.035063357,0,0.003161614,0.006350392,0
2023-12-26 21:00:00+00:00,0,0.000109421,0.004879239,0.100807754,0,0,0,0.000394166,0.028031688,0.005347594,0.01698244,0,0.00244918,0.005544355,0
2023-12-26 22:00:00+00:00,0,0.000215843,0.001356484,0.151003845,0,,0,0.000873744,0.03165688,0.007915567,0.022592424,0,0.004605937,0.008136483,0
2023-12-26 23:00:00+00:00,0.000166334,0,0.007861635,0.095309381,0,,0,0,0.072747014,0.006245663,0.022445162,0,0.063267033,0.014055854,0
2023-12-27 00:00:00+00:00,0,0.000149142,0.005389092,0.219680305,0,,0,0,0.075073314,0.003189793,0.015758874,0,0.007412637,0.009679154,0
2023-12-27 01:00:00+00:00,0,0,0.019022366,0.137143757,0,0,0,0.000570125,0.070586975,0.004978935,0.010698708,0,0.004999554,0.018792092,0
2023-12-27 02:00:00+00:00,8.11E-05,8.37E-05,0.013893967,0.149018972,0,0,0.000620732,0.000468384,0.072818006,0.012633625,0.026486014,0.00049595,0.008450966,0.027547005,9.29E-05
2023-12-27 03:00:00+00:00,0,0.000270222,0.004698696,0.195249738,0,,0.00022205,0,0.065764971,0.001946367,0.026154257,0.000154369,0.005855133,0.015365577,0.000188875
2023-12-27 04:00:00+00:00,0.000253984,0.000320349,0.003939172,0.101403264,0,0,7.70E-05,0,0.102899375,0.010238386,0.036361034,0,0.002944219,0.012844037,0.000159147
2023-12-27 05:00:00+00:00,0.000232261,0.000195381,0.004807923,0.08311075,0,0,5.69E-05,7.73E-05,0.032058661,0.000897227,0.029065366,0,0.00419836,0.058641044,0.00019757
2023-12-27 06:00:00+00:00,0.000272051,9.23E-05,0.011005107,0.092285835,0,0.178571429,0.000278408,5.06E-05,0.036510067,0.001393803,0.024680879,0,0.004265206,0.058338793,0.012206117
2023-12-27 07:00:00+00:00,0.00012562,0.000127734,0.01219299,0.114502858,0,0,8.66E-05,0,0.040666108,0.001226392,0.028369535,0,0.016639654,0.066769587,0.000756348
2023-12-27 08:00:00+00:00,0.000231743,0.000205122,0.011830366,0.115494916,0,0.096774194,0,0,0.04408658,0.002355072,0.031421766,5.18E-05,0.008001607,0.118849381,0.003649268
2023-12-27 09:00:00+00:00,0.000990405,0.00034099,0.016093636,0.124048282,0,0,9.55E-05,0.000290388,0.06245567,0.003055336,0.042709174,0,0.004214258,0.063748638,0.004411186
2023-12-27 10:00:00+00:00,0.000514521,0.000634152,0.01247858,0.14369426,0,0,0.000200048,6.89E-05,0.054888911,0.001352965,0.040310605,0,0.003871231,0.057193213,0.006146428
2023-12-27 11:00:00+00:00,0.001115898,0.000590135,0.020720276,0.176962896,0,0,0.000726315,0,0.068043923,0.002623639,0.045548654,0,0.00404157,0.061182919,0.001847575
2023-12-27 12:00:00+00:00,0.000859634,0.000189203,0.021598088,0.174720619,0,0,0.000233765,0,0.15021776,0.001620877,0.033057579,0.000122026,0.004118904,0.039285976,0.004896056
2023-12-27 13:00:00+00:00,0.00033379,0.00020654,0.024128823,0.149003638,0,0,5.22E-05,0,0.060558941,0.002885822,0.031282511,0,0.006476221,0.040985855,0.001470062
2023-12-27 14:00:00+00:00,0.000372692,0.000171839,0.026930254,0.13457564,0,0,0.000156087,0.000137287,0.071051286,0.003308215,0.024748293,0.00012773,0.005147292,0.033430651,0.001940133
2023-12-27 15:00:00+00:00,0.000218838,4.39E-05,0.020891365,0.140362395,0,0,7.13E-05,0,0.051917338,0.003682111,0.019957301,0,0.002896302,0.029354104,0.002172227
2023-12-27 16:00:00+00:00,0,0,0.018698183,0.122923386,0,0,0.000111919,0.000204082,0.077635863,0.004751188,0.018835499,0,0.002417466,0.033508593,0.000151092
2023-12-27 17:00:00+00:00,0,0.000227635,0.00433526,0.11691671,0,,8.59E-05,0.000267809,0.059636992,0.004049949,0.016584925,0,0.002496289,0.018495413,0.000134935
2023-12-27 18:00:00+00:00,0,4.99E-05,0.003674039,0.066830951,0,0.230769231,0,0,0.027300354,0.004958047,0.009118115,0,0.003411002,0.016801208,0
2023-12-27 19:00:00+00:00,0,0,0.006677524,0.14369924,0,0,0,0.000376648,0.027399246,0.011223944,0.010744593,0,0.002192052,0.010409646,0
2023-12-27 20:00:00+00:00,0,9.45E-05,0.001899937,0.079195999,0,0,0,0.000358938,0.022094499,0.006103764,0.009828184,0,0.001807795,0.002785725,0
2023-12-27 21:00:00+00:00,0,0,0.004789366,0.087404063,0,0,0,0,0.028597322,0.006143667,0.018495207,0,0.001896965,0.007310705,0
2023-12-27 22:00:00+00:00,0,0.000216638,0.002344361,0.135038039,0,1,0,0,0.032703117,0.007757405,0.025275735,0,0.005692109,0.015748031,0
2023-12-27 23:00:00+00:00,0,0.000788955,0.009581882,0.102579132,0,,0,0.001692047,0.033038721,0.00286533,0.040960452,0,0.020477048,0.014889424,0
2023-12-28 00:00:00+00:00,0,0,0.005580357,0.17358156,0,0,0,0,0.15826721,0.004849138,0.031969309,0,0.059265273,0.012505299,0
2023-12-28 01:00:00+00:00,0,0,0.013695503,0.095419242,0,0,0,0,0.081248749,0.003325942,0.014892756,0,0.006247831,0.009280979,0.000433877
2023-12-28 02:00:00+00:00,8.13E-05,0,0.005001786,0.135073595,0,,0,0,0.066822146,0.003512564,0.022076216,0.000655093,0.00924129,0.015224449,9.24E-05
2023-12-28 03:00:00+00:00,0,8.94E-05,0.010768047,0.196495185,0,,0,0,0.06247191,0.001617541,0.017299613,0,0.004264392,0.016444937,0.000170576
2023-12-28 04:00:00+00:00,0.000182249,0.000371333,0.005551601,0.121833424,0,0,0,0,0.074046372,0.043244949,0.036571319,0,0.005866946,0.02213035,0
2023-12-28 05:00:00+00:00,0.000390854,0,0.005201446,0.139339457,0,0,0.000725492,0,0.052591171,0.001833741,0.033660782,0,0.007244627,0.046381205,0.000563471
2023-12-28 06:00:00+00:00,0.000481367,0.000245922,0.017727129,0.116771631,0,1,5.47E-05,0,0.046835138,0.003208292,0.021439972,6.60E-05,0.010866149,0.082175145,0.00157155
2023-12-28 07:00:00+00:00,0.000629261,0.000394421,0.012262386,0.123300122,0,0,4.87E-05,0,0.049505352,0.001568491,0.029888437,0,0.010257039,0.039077067,0.000899023
2023-12-28 08:00:00+00:00,0.001335162,3.66E-05,0.012505766,0.14625433,0,0,0.000465092,0,0.056049394,0.003093653,0.038692613,0,0.004575838,0.053292668,0.001300973
2023-12-28 09:00:00+00:00,0.000719779,0.00026436,0.015828515,0.160283366,0,0.1,0.000505817,0,0.064013602,0.00249035,0.036236491,0.000158128,0.004998637,0.064327738,0.005407616
2023-12-28 10:00:00+00:00,0.000849868,0.000399162,0.013470533,0.135553885,0,0,0.000245387,0,0.089666776,0.002532887,0.030263429,0,0.003852168,0.059437721,0.004614974
2023-12-28 11:00:00+00:00,0.000368262,0.000534295,0.017772977,0.157415467,0,0,0.000429392,0.00037092,0.060233633,0.002187865,0.033696416,0,0.005116725,0.070966438,0.00099936
2023-12-28 12:00:00+00:00,0.000247962,0.000350877,0.018777631,0.171000837,0,0,0.000234412,7.78E-05,0.057837482,0.003133063,0.033506605,0,0.004105152,0.031705319,0.003502561
2023-12-28 13:00:00+00:00,0.000199084,0.000414451,0.02382824,0.168093437,0,0,0.000682307,0.000180067,0.057402454,0.003903111,0.032563731,0.000121996,0.005984252,0.050058072,0.003464567
2023-12-28 14:00:00+00:00,0.000220548,0.000225166,0.023738709,0.15089138,0,0,0.000237869,0.000129416,0.067063176,0.001563314,0.026538188,0,0.005018431,0.050127102,0.005329307
2023-12-28 15:00:00+00:00,8.38E-05,8.50E-05,0.020994737,0.14125241,0,0.166666667,6.83E-05,0.000243546,0.060625674,0.002384602,0.023897798,0,0.003835986,0.059875829,0.003576797
2023-12-28 16:00:00+00:00,0,0.000396092,0.020321985,0.164544,0,0,0.000111049,0.000190949,0.063217923,0.00443787,0.017602449,0,0.003242492,0.041488085,0.002007257
2023-12-28 17:00:00+00:00,0,6.77E-05,0.006947975,0.116947147,0,0,0,0,0.042005689,0.003944175,0.011487482,0,0.001907548,0.017408386,0.00012717
2023-12-28 18:00:00+00:00,0,5.49E-05,0.003884807,0.082302517,0,,0,0,0.028557089,0.004370282,0.008886832,0,0.001640531,0.013013208,0
2023-12-28 19:00:00+00:00,0,0.00042996,0.006472492,0.100381194,0,0,0,0,0.02743357,0.004977188,0.007456248,0,0.003038744,0.012692967,0
2023-12-28 20:00:00+00:00,0,0.000119875,0.006962819,0.143237919,0,0.25,0,0,0.038684439,0.005597761,0.012700881,0,0.001655172,0.018518519,0
2023-12-28 21:00:00+00:00,0,0.000304136,0.006019307,0.093097275,0,,0,0.000684697,0.031537153,0.004672897,0.025472915,0,0.002341659,0.007490191,0.000111508
2023-12-28 22:00:00+00:00,0,0,0.002340655,0.127300613,0,,0,0,0.031473534,0.00433213,0.019805248,0,0.003315303,0.019570223,0
2023-12-28 23:00:00+00:00,0,0.000290951,0.002784603,0.132545932,0,,0,0,0.070310101,0.003977273,0.02846553,0,0.061766125,0.004667632,0.000643397
2023-12-29 00:00:00+00:00,0,0.000168209,0.006942837,0.137189532,0,0,0,0.00036049,0.077386935,0.009259259,0.028815004,0,0.008664532,0.009518144,0
2023-12-29 01:00:00+00:00,0,0,0.012951432,0.132665094,0,0,0,0.000228728,0.073563684,0.007783145,0.015599129,0,0.00787037,0.010653807,0.000185185
2023-12-29 02:00:00+00:00,8.87E-05,9.23E-05,0.012972148,0.18356845,0,0,0,0.000403145,0.06746249,0.012201322,0.017364755,0,0.006283036,0.024498367,0
2023-12-29 03:00:00+00:00,0,0,0.011336122,0.129615483,0,0,0,0,0.040038214,0.002377034,0.01083266,0,0.002580753,0.017875336,0
2023-12-29 04:00:00+00:00,0.00034057,0,0.008112831,0.107024266,0,1,0.000225149,0,0.055464612,0.016550523,0.032621222,0,0.003434951,0.029300873,0
2023-12-29 05:00:00+00:00,0.000186463,0.000440917,0.002572614,0.129280875,0,0,0.000451386,0,0.05282264,0.001519547,0.018481161,0.000240442,0.015929337,0.048735567,0
2023-12-29 06:00:00+00:00,0.000213106,7.21E-05,0.008352121,0.079559581,0,0.166666667,9.58E-05,0,0.031634165,0.001803677,0.015686572,0,0.003885798,0.194677406,0.045484293
2023-12-29 07:00:00+00:00,7.64E-05,0.000154166,0.0131209,0.110576004,0,0.057142857,0,0.000156838,0.042386813,0.00156947,0.015251652,0,0.00584564,0.080627291,0.000307665
2023-12-29 08:00:00+00:00,0.000446664,4.06E-05,0.016549317,0.115401795,0,0.083333333,6.12E-05,0.000201552,0.085952946,0.003373037,0.023622047,0.000220264,0.006282774,0.067117311,0.036905115
2023-12-29 09:00:00+00:00,0.000406339,3.33E-05,0.01404321,0.112996072,0,0,4.64E-05,0.000168819,0.044163294,0.00181766,0.014767567,0,0.002808874,0.040936855,0.009688581
2023-12-29 10:00:00+00:00,0.000358551,3.98E-05,0.012822078,0.117166647,0,0,0.000122617,0.000108542,0.048932341,0.002939673,0.021413188,0,0.004964036,0.070143158,0.006736906
2023-12-29 11:00:00+00:00,0.000607106,9.49E-05,0.016513299,0.29828093,0,0,0.000727074,0,0.272131148,0.001577998,0.018067557,0,0.002718043,0.046458518,0.001159165
2023-12-29 12:00:00+00:00,0.000245922,4.08E-05,0.020661689,0.133945405,0,0.071428571,6.57E-05,0.000259302,0.050691705,0.001943095,0.019206785,0,0.005810459,0.045754832,0.003406131
2023-12-29 13:00:00+00:00,0.000190085,0,0.014431464,0.123821472,0,0,0,0.000119232,0.038294418,0.003285871,0.015487748,6.88E-05,0.004605294,0.037662634,0.002418942
2023-12-29 14:00:00+00:00,0.000264851,0.000114125,0.01039186,0.113999243,0,0,0,0,0.044803489,0.003936192,0.018927825,0,0.004546887,0.032022661,0.001440598
2023-12-29 15:00:00+00:00,0.000105731,5.37E-05,0.007147546,0.128568408,0,0.153846154,8.75E-05,0,0.0543486,0.002651979,0.015283223,0,0.002297342,0.030653132,0.000918937
2023-12-29 16:00:00+00:00,0,0,0.006206362,0.129996027,0,0,0.000147798,0,0.057773909,0.006817478,0.017747858,0,0.004131399,0.058292282,0
2023-12-29 17:00:00+00:00,0,0.000170459,0.007955028,0.118299901,0,0,0.00028585,0,0.050596885,0.002373418,0.011679762,0.000406793,0.002969619,0.018206719,0
2023-12-29 18:00:00+00:00,0,8.40E-05,0.006951233,0.078992841,0,,0,0,0.020650939,0.006832797,0.005214878,0,0.002015081,0.017888563,0
2023-12-29 19:00:00+00:00,0,0,0.001466993,0.096304437,0,,0,0,0.022498468,0.01255887,0.00691321,0,0.0014419,0.012258121,0
2023-12-29 20:00:00+00:00,0,0.000604961,0.002405002,0.141060904,0,,0,0.000648508,0.043037281,0.003132341,0.017278107,0,0.005422153,0.014199891,0
2023-12-29 21:00:00+00:00,0,0,0.002712069,0.086387088,0,,0,0,0.039559417,0.001792115,0.012138728,0,0.002891933,0.004600984,0
2023-12-29 22:00:00+00:00,0,0.000684463,0.000898876,0.112272421,0,,0,0,0.02815226,0.004424779,0.033720495,0,0.004493464,0.009860312,0
2023-12-29 23:00:00+00:00,0,0,0.002862595,0.094656489,0,,0,0,0.051993068,0,0.012437811,0,0.00093985,0.004612546,0
2024-01-01 00:00:00+00:00,0,0.004219409,0,0.097894737,0,,0,0,0.03276131,0,0.135542169,0,0,0.002152853,0
2024-01-01 01:00:00+00:00,0,0,0,0.05019305,0,,0,0,0.151260504,0,0.03187251,0,0.004201681,0,0
2024-01-01 02:00:00+00:00,0,0.004310345,0,0.074889868,0,,0,0,0.037313433,0,0.059633028,0,0,0.009661836,0
2024-01-01 03:00:00+00:00,0,0,0,0.087719298,0,,0,0,0.043918919,0,0.02894356,0,0,0.034124629,0
2024-01-01 04:00:00+00:00,0,0,0,0.081277213,0,,0,0,0.442088091,0,0.128129602,0,0,0.029329609,0
2024-01-01 05:00:00+00:00,0,0,0.003225806,0.196125908,0,,0,0,0.087053571,0,0.078341014,0,0.008849558,0.032218092,0
2024-01-01 06:00:00+00:00,0.006281407,0.000595238,0.009107468,0.290201005,0,,0,0,0.078685259,0,0.1,0,0.002739726,0.041533546,0
2024-01-01 07:00:00+00:00,0,0.001689903,0,0.166958808,0,,0,0,0.049407115,0,0.098265896,0,0.001005025,0.035575049,0
2024-01-01 08:00:00+00:00,0.001098901,0,0.002780352,0.306043956,0,,0,0,0.13028169,0.013745704,0.128051819,0,0.004135079,0.038821328,0
2024-01-01 09:00:00+00:00,0.008629442,0.001518987,0.001517451,0.387817259,0,,0,0,0.107396871,0,0.118624642,0,0.007164179,0.040860215,0
2024-01-01 10:00:00+00:00,0.00672318,0.000293341,0.001759015,0.366267173,0,,0,0,0.154608523,0.003115265,0.071382429,0,0.002683663,0.026002167,0
2024-01-01 11:00:00+00:00,0.003304875,0.00109081,0.022319262,0.453043239,0,,0,0,0.173799127,0.003831418,0.096426371,0,0.003755548,0.021231423,0
2024-01-01 12:00:00+00:00,0.006655574,0.001425314,0.001953125,0.444259567,0,,0,0,0.16912114,0.007853403,0.117608837,0,0.004526594,0.01249619,0
2024-01-01 13:00:00+00:00,0,0,0,0.288992974,0,,0,0,0.114811569,0,0.116037219,0,0.00238806,0.015173764,0
2024-01-01 14:00:00+00:00,0,0.000222916,0.009578048,0.083931777,0,,0,0,0.023349668,0.008888889,0.034574468,0,0.000782881,0.011849562,0
2024-01-01 15:00:00+00:00,0,0,0,0.093264249,0,,0,0,0.062962963,0,0.15712188,0,0.004991681,0.066473988,0
2024-01-01 16:00:00+00:00,0,0,0.008522727,0.074157303,0,,0,0,0.075907591,0.015151515,0.125,0,0.00617284,0.031325301,0
2024-01-01 17:00:00+00:00,0,0.001589825,0.01584507,0.057877814,0,,0,0,0.050522648,0,0.0625,0,0,0.023688663,0
2024-01-01 18:00:00+00:00,0,0,0.008902077,0.032967033,0,,0,0,0.090206186,0,0.053691275,0,0.002610966,0.052380952,0
2024-01-01 19:00:00+00:00,0,0,0.025,0.072164948,0,,0,0,0.068825911,0,0.106382979,0,0.007462687,0.052863436,0
2024-01-01 20:00:00+00:00,0,0,0.003642987,0.093406593,0,,0,0,0.04536862,0.006896552,0.032307692,0,0.003210273,0.001538462,0
2024-01-01 21:00:00+00:00,0,0,0.027241771,0.461643836,0,,0,0,0.026785714,0,0.012529366,0,0.00082713,0.026666667,0
2024-01-01 22:00:00+00:00,0,0.000933707,0,0.105849582,0,,0,0,0.021879022,0,0.045631068,0,0.002317497,0.045592705,0
2024-01-01 23:00:00+00:00,0,0.000452899,0.007281553,0.070756829,0,,0,0,0.033236994,0,0.021014162,0,0.00232423,0.01025641,0
2024-01-02 00:00:00+00:00,0,0.00031027,0,0.116456439,0,0,0,0,0.030655801,0.006218905,0.089372766,0,0.001955417,0.03436853,0
2024-01-02 01:00:00+00:00,0,0.000160231,0.015414258,0.053440926,0,0,0,0,0.037346711,0.001453488,0.013420622,0,0.001794454,0.01445271,0
2024-01-02 02:00:00+00:00,0.000115607,0,0.005134788,0.14566474,0,,0,0,0.05957192,0.010334137,0.023004755,0,0.003130103,0.017353579,0
2024-01-02 03:00:00+00:00,0.000129887,0.00013403,0.009079524,0.127678919,0,,0,0,0.067228132,0.001895285,0.035806671,0,0.002875924,0.01804018,0
2024-01-02 04:00:00+00:00,0,0.00160562,0.00222651,0.091819534,0,,0,0,0.048070489,0.01545044,0.12060866,0,0.004017926,0.015496368,0.000154536
2024-01-02 05:00:00+00:00,0.000167813,0.000727395,0.000373497,0.073614141,0,0,7.64E-05,0,0.03028123,0.00130365,0.061897514,0,0.018057143,0.031717263,7.62E-05
2024-01-02 06:00:00+00:00,0.000138021,0.000105426,0.006744488,0.063696905,0,0,0,0,0.024269461,0.00129056,0.031266074,0,0.001544121,0.070059136,0.000136246
2024-01-02 07:00:00+00:00,4.86E-05,9.78E-05,0.003994238,0.095582876,0,0.026315789,0,0,0.041686155,0.002059621,0.034752089,0,0.006652273,0.053286158,0.000116707
2024-01-02 08:00:00+00:00,0,0.000290248,0.00978268,0.136335448,0,0.068965517,0,0,0.057987558,0.001752967,0.038354393,0,0.003577391,0.045620728,0.000536609
2024-01-02 09:00:00+00:00,0.000111553,0.000375728,0.004928586,0.11077232,0,0,5.53E-05,0,0.054477117,0.002728364,0.028711996,0,0.003402299,0.026324572,0.001195402
2024-01-02 10:00:00+00:00,0.000308666,0.000230858,0.001929193,0.126051393,0,0.363636364,0,8.90E-05,0.109897946,0.00275744,0.04127223,0,0.006189789,0.045505813,0.000325778
2024-01-02 11:00:00+00:00,0.000741473,0.000380596,0.00376677,0.130640491,0,0,0,0,0.049714286,0.001219647,0.043859335,0,0.003139451,0.051373328,0.000636375
2024-01-02 12:00:00+00:00,0.000742449,0.000153439,0.004318564,0.13700129,0,0,6.63E-05,0,0.046356089,0.001830105,0.034115994,0,0.002628244,0.030199684,0.000328531
2024-01-02 13:00:00+00:00,0,0.000374602,0.002780404,0.118662889,0,0,0,0,0.047421237,0.003286034,0.037329228,0,0.002720421,0.036765368,8.92E-05
2024-01-02 14:00:00+00:00,0.00011409,0.000111259,0.002767678,0.142574634,0,0,0.021769178,0,0.059490856,0.005644993,0.020442081,0,0.020467432,0.029538545,0.002397087
2024-01-02 15:00:00+00:00,0,0.000274982,0.002593638,0.096806004,0,0.133333333,0,0.000170387,0.051460063,0.004024571,0.026570048,0.000225149,0.003579715,0.027316249,0.000464037
2024-01-02 16:00:00+00:00,0,0.000157716,0.000966495,0.113320855,0,0,0,0,0.055750206,0.004178273,0.021324262,0,0.002834156,0.050985859,0.000731395
2024-01-02 17:00:00+00:00,0,0.000338066,0.001310902,0.083284799,0,0,0,0,0.034521492,0.005698006,0.025706234,0,0.001630113,0.017116834,0
2024-01-02 18:00:00+00:00,0,0,8.74E-05,0.058750564,0,0,0,0,0.020209386,0.003996448,0.008163467,0,0.000923266,0.004427266,0
2024-01-02 19:00:00+00:00,0,0,0.003654637,0.081054202,0,0,8.32E-05,0,0.018122287,0.009427609,0.009265153,0,0.002825677,0.002316245,0
2024-01-02 20:00:00+00:00,0,0.000115048,0.003304105,0.09437751,0,0,0,0,0.029632609,0.006487488,0.011171081,0,0.003098773,0.006052928,0
2024-01-02 21:00:00+00:00,0.000241692,0.00012288,0.005704971,0.105498489,0,,0,0,0.029528115,0.010167464,0.013140604,0,0.003525424,0.007565837,0
2024-01-02 22:00:00+00:00,0,0,0.001123911,0.096704354,0,0,0,0,0.028898426,0.002679169,0.012542461,0,0.002896032,0.006614552,0
2024-01-02 23:00:00+00:00,0,0.001366867,0.010685104,0.070775027,0,,0,0,0.037328667,0.003552398,0.062293275,0,0.002171216,0.019322235,0
2024-01-03 00:00:00+00:00,0,0.000390625,0.001028807,0.111985019,0,,0,0,0.031347962,0,0.031683168,0,0.016688625,0.013615023,0
2024-01-03 01:00:00+00:00,0,0.000126247,0.016780822,0.085053084,0,0.117647059,0,0,0.031152648,0.002706883,0.012788048,0,0.002354571,0.00790644,0
2024-01-03 02:00:00+00:00,8.63E-05,0,0.00340643,0.090414977,0,0,0,0,0.022493698,0.000683527,0.011453824,0,0.001264838,0.008475474,0
2024-01-03 03:00:00+00:00,0,0,0.002147715,0.079650412,0,0,0,0,0.025813692,0.000189861,0.013071895,0,0.001225144,0.009033511,0
2024-01-03 04:00:00+00:00,0,0.000504177,0.001139493,0.078551136,0,0,0,0,0.065792812,0.001424501,0.038472813,0,0.001919226,0.008302974,0
2024-01-03 05:00:00+00:00,0,0.000315,0.000997851,0.099251404,0,0,0,0,0.168372451,0.006022674,0.028265954,0,0.018800358,0.03750086,0.000358102
2024-01-03 06:00:00+00:00,0,0.000228331,0.002885004,0.07419846,0,0,5.57E-05,0,0.038304726,0.013584199,0.021313784,0,0.002203799,0.05711329,0.000104943
2024-01-03 07:00:00+00:00,0.000326762,0.000442404,0.010416667,0.127328178,0,0,0,0.000117151,0.054177115,0.005512534,0.029550827,0,0.007613894,0.039313707,0.000251699
2024-01-03 08:00:00+00:00,0.001161072,0.000811118,0.00683144,0.149197805,0,0,0,0.000141143,0.057349334,0.004252303,0.046696975,0.000212721,0.004108622,0.051639445,0.00044938
2024-01-03 09:00:00+00:00,0.001828806,0.000354972,0.007084881,0.130960346,0,0,0,0.000241692,0.060897436,0.004999265,0.040662365,9.94E-05,0.003518997,0.070051617,0.000549843
2024-01-03 10:00:00+00:00,0.000187608,0.000760131,0.00318207,0.155668121,0,0,0,0,0.068953629,0.002662722,0.036913246,0,0.003750505,0.062029573,0.000461601
2024-01-03 11:00:00+00:00,0.000505074,4.66E-05,0.00730491,0.175490151,0,0,0,0,0.069145542,0.005003706,0.040333317,0,0.003348848,0.05205321,0.00011352
2024-01-03 12:00:00+00:00,0.000269239,0.00023033,0.009958071,0.196769127,0,0,0,0.000125345,0.07292431,0.003587736,0.037485001,0,0.003300521,0.028850677,0.000694847
2024-01-03 13:00:00+00:00,0.000232171,7.77E-05,0.004366323,0.197848547,0,0,0.027051864,0,0.075700623,0.002706767,0.030726144,0.000144949,0.024555307,0.023264848,9.15E-05
2024-01-03 14:00:00+00:00,0.000130964,0.000263031,0.004061641,0.114244554,0,0.0625,0,0,0.052459543,0.001421608,0.024748647,0,0.002185848,0.039475123,0
2024-01-03 15:00:00+00:00,0,0.000288401,0.003015394,0.091603489,0,0.181818182,0,0.000185185,0.043128932,0.002629692,0.022633495,0,0.002167529,0.025432425,0.000139841
2024-01-03 16:00:00+00:00,0,0.000695592,0.002062328,0.102909748,0,0,0,0,0.059300941,0.004383007,0.021550568,0,0.002217071,0.041528061,0
2024-01-03 17:00:00+00:00,0,0.000123732,0.001376014,0.083908882,0,,0,0,0.036953072,0.001900883,0.01283535,0,0.001850844,0.013433449,0
2024-01-03 18:00:00+00:00,0,0.000197381,0.000950269,0.091269068,0,0,0,0,0.018691589,0.004373178,0.009340687,0,0.001989187,0.007326258,0
2024-01-03 19:00:00+00:00,0,0.000109397,0.000989854,0.079560017,0,0,0,0,0.023537867,0.008836524,0.011144629,0,0.002090592,0.002447204,0
2024-01-03 20:00:00+00:00,0,0.00049743,0.003685027,0.109499522,0,0,0,0,0.039552702,0.006916427,0.020650585,0,0.004990403,0.003402807,0
2024-01-03 21:00:00+00:00,0,0.000353274,0.008511736,0.086568548,0,,0.000167645,0,0.031031295,0.004851752,0.009453912,0,0.001928516,0.01368738,0
2024-01-03 22:00:00+00:00,0,0.000421141,0.000499251,0.102926131,0,,0,0,0.037160553,0.008317025,0.04538376,0,0.003708282,0.006171316,0
2024-01-03 23:00:00+00:00,0,0,0.004270463,0.080171359,0,,0,0,0.060939061,0.007820137,0.028625354,0,0.058802692,0.007268951,0
2024-01-04 00:00:00+00:00,0,0.000164935,0.000505945,0.151667206,0,0,0,0,0.094747899,0.004338395,0.012402311,0,0.01185844,0.003256705,0
2024-01-04 01:00:00+00:00,0,0.000122835,0.015390186,0.118471035,0,0,0.000168776,0,0.059919366,0.00312256,0.012210316,0,0.0051089,0.005311203,0
2024-01-04 02:00:00+00:00,9.01E-05,0,0.001619534,0.161877308,0,0,0,0,0.058525034,0.003495563,0.020137477,0,0.004777879,0.010005817,0
2024-01-04 03:00:00+00:00,0.000125929,0.000129803,0.00324575,0.130714016,0,0.5,0,0.00020734,0.04877448,0.000936768,0.015555808,0,0.002232405,0.014644601,0
2024-01-04 04:00:00+00:00,0,0.000187688,0.000785649,0.102157477,0,0,0,0,0.060125918,0.020156047,0.04005418,0,0.004071938,0.00554939,0
2024-01-04 05:00:00+00:00,0.000594687,0,0.003287482,0.107109819,0,0,9.39E-05,0.000122489,0.04363952,0.000636294,0.028005321,0,0.018769456,0.017790618,0.001190258
2024-01-04 06:00:00+00:00,0.000458905,0.000325642,0.002620295,0.092882383,0,0.181818182,5.85E-05,0.000380402,0.032254686,0.002313667,0.019442959,0,0.002168968,0.057687408,5.29E-05
2024-01-04 07:00:00+00:00,0.000819791,0.00044311,0.0043157,0.111587983,0,0.153846154,0,0,0.064239702,0.001680108,0.024866606,8.28E-05,0.008332867,0.04249958,0.000223701
2024-01-04 08:00:00+00:00,0,0.000135342,0.00453008,0.120813131,0,0.020833333,0,0,0.049570815,0.002727174,0.031819658,0,0.004162384,0.050345701,0.000256937
2024-01-04 09:00:00+00:00,0.000460257,0.000278875,0.005857859,0.138353201,0,0,0,0,0.057814227,0.00087184,0.033249345,0.000102396,0.004847645,0.043716737,0
2024-01-04 10:00:00+00:00,0.000264038,0.000448994,0.003715965,0.168104207,0,0,0.00026462,0,0.060654298,0.003387534,0.036121224,0,0.005669817,0.042176654,0.000333519
2024-01-04 11:00:00+00:00,8.68E-05,0.000529661,0.007201992,0.190145431,0,0.071428571,6.66E-05,0,0.075731311,0.003005658,0.052950499,0,0.003740446,0.030336404,0
2024-01-04 12:00:00+00:00,0,0.000303319,0.006320178,0.189988575,0,0.058823529,0,0,0.078084507,0.005115486,0.034316705,0,0.004958201,0.019219927,0.000115307
2024-01-04 13:00:00+00:00,3.99E-05,8.36E-05,0.002923806,0.133322702,0,0.166666667,0,0,0.056237914,0.00279113,0.026495613,0,0.003174758,0.012901152,0.00019537
2024-01-04 14:00:00+00:00,4.17E-05,0.000339371,0.00489265,0.126442528,0,0,7.41E-05,0.000170416,0.066508062,0.003032272,0.023847098,0.000171777,0.003733152,0.01417004,0.000145447
2024-01-04 15:00:00+00:00,0,0.000164366,0.003866171,0.1032364,0,0.090909091,0,0,0.057877111,0.003891848,0.015650266,0,0.001355188,0.018216038,0.000193598
2024-01-04 16:00:00+00:00,8.22E-05,0,0.006676643,0.103040263,0,0,0,0.000269687,0.086679133,0.005062437,0.01511669,0,0.003187886,0.015428212,0.000398486
2024-01-04 17:00:00+00:00,6.71E-05,0.000206115,0.004242575,0.157322232,0,,0,0,0.106641929,0.003376477,0.013969268,0,0.001677735,0.011954573,0
2024-01-04 18:00:00+00:00,0,8.52E-05,0.002408091,0.07100641,0,0,0,0,0.020452519,0.008161306,0.005059462,0,0.001928847,0.004144852,0
2024-01-04 19:00:00+00:00,0,0.000370645,0.004142502,0.107993398,0,0,0,0,0.035135135,0.003418803,0.010268949,0,0.002188747,0.007771302,0
2024-01-04 20:00:00+00:00,0,0.000160256,0.004679019,0.113615169,0,0,0,0,0.035331481,0.001789976,0.009444048,0,0.003208152,0.004706364,0
2024-01-04 21:00:00+00:00,0,0.000487448,0.017085839,0.104452866,0,0,0,0,0.027922256,0.005041247,0.025489186,0,0.00299279,0.017701563,0.000136036
2024-01-04 22:00:00+00:00,0,0,0,0.108187798,0,,0,0,0.032159689,0.00623053,0.020874751,0,0.006996771,0.010656682,0
2024-01-04 23:00:00+00:00,0.00102145,0,0.002955083,0.091930541,0,,0,0,0.048246844,0,0.013614522,0,0.047485161,0.019299287,0.000312402
2024-01-05 00:00:00+00:00,0,0,0.002545339,0.166419019,0,0,0,0,0.100287356,0.005021521,0.011697197,0,0.01324025,0.009675019,0
2024-01-05 01:00:00+00:00,0,0,0.009866713,0.151253147,0,0,0,0,0.065457939,0.010183299,0.013647498,0,0.002362009,0.008264463,0.000248633
2024-01-05 02:00:00+00:00,0.000267023,0,0.003094059,0.146328438,0,0,0,0,0.058868585,0.001359065,0.016054159,0,0.00489646,0.014412286,0
2024-01-05 03:00:00+00:00,0.000226168,0,0.004159734,0.102114667,0,0,0.000122956,0,0.040590406,0.000861512,0.011036367,0,0.001208526,0.011168193,0
2024-01-05 04:00:00+00:00,0,0,0.00030216,0.25923987,0,0,0.059033734,0,0.113357916,0.024992649,0.021287976,0,0.055661943,0.010095571,0
2024-01-05 05:00:00+00:00,7.26E-05,7.34E-05,0.000937822,0.09357065,0,,9.92E-05,0,0.033922439,0.000691372,0.014611119,0,0.002629017,0.047190262,0.000194742
2024-01-05 06:00:00+00:00,9.28E-05,0,0.001268652,0.08496914,0,0.181818182,0,0.000156152,0.029745638,0.002453185,0.013996426,0,0.009559389,0.072069253,0
2024-01-05 07:00:00+00:00,4.75E-05,0.000240373,0.001910161,0.084635479,0,0,0,0,0.037520297,0.002231194,0.016468748,0,0.010088609,0.042090755,0
2024-01-05 08:00:00+00:00,0.001160352,0.000271653,0.014407197,0.293702861,0,0.066666667,0,0.000272628,0.05117983,0.001885955,0.020393975,0,0.00381796,0.052454065,0.000559967
2024-01-05 09:00:00+00:00,0.000742131,8.76E-05,0.005981308,0.106081111,0,0,0.000133245,0,0.048533815,0.002401112,0.015965768,0,0.004286909,0.060256933,0.000209118
2024-01-05 10:00:00+00:00,0,0.000144481,0.003442588,0.10366173,0,0,0,0,0.050550725,0.002184678,0.017890403,0,0.002672277,0.046902655,0.000284285
2024-01-05 11:00:00+00:00,0.000146306,0.000100301,0.007097681,0.135722994,0,0,0,0.000226732,0.070238604,0.001547721,0.022237197,0,0.003634381,0.044064398,0.000302865
2024-01-05 12:00:00+00:00,0,5.01E-05,0.006725452,0.117935881,0,0,8.27E-05,0,0.05064536,0.002596138,0.021483874,0,0.004073188,0.021257698,0.00103446
2024-01-05 13:00:00+00:00,0,0.000138434,0.00523252,0.113296511,0,0,0,0.0001276,0.048549202,0.00255447,0.016450298,0,0.00438644,0.023018586,5.42E-05
2024-01-05 14:00:00+00:00,0,0,0.004215267,0.092776263,0,0.055555556,0,0,0.049008544,0.002821443,0.015483755,0,0.003892968,0.022863153,0.000492781
2024-01-05 15:00:00+00:00,0,5.71E-05,0.003729355,0.100997036,0,0.105263158,0,0,0.049665565,0.004355039,0.012377117,0.000106633,0.001923715,0.043417465,0.00013267
2024-01-05 16:00:00+00:00,0,0.000343525,0.005845902,0.103652825,0,0,0,0,0.069854514,0.003141361,0.016523702,0,0.003273992,0.017577465,0.000409249
2024-01-05 17:00:00+00:00,0,0.000163305,0.001886792,0.096179598,0,,0,0,0.04328574,0.006099421,0.011933559,0,0.00365864,0.018166416,0
2024-01-05 18:00:00+00:00,0,0,0.003809338,0.067829579,0,,0,0.000255102,0.022725649,0.002875399,0.006332911,0,0.001654944,0.009879368,0
2024-01-05 19:00:00+00:00,0,0,0.004799705,0.118896592,0,0,0,0,0.046884273,0.006876791,0.009771419,0,0.00284522,0.006157906,0
2024-01-05 20:00:00+00:00,0,0,0.008287293,0.130727331,0,,0,0,0.037405405,0.005225343,0.013786591,0,0.002403365,0.002894678,0
2024-01-05 21:00:00+00:00,0,0,0.004499898,0.129445474,0,,0,0,0.029160592,0.002995806,0.019630709,0,0.002887789,0.006170119,0
2024-01-05 22:00:00+00:00,0,0,0.003412969,0.107811948,0,,0,0,0.031625835,0.004474273,0.018860353,0,0.002534854,0.010952381,0
2024-01-05 23:00:00+00:00,0,0.002645503,0,0.071744907,0,,0,0,0.054822335,0.003021148,0.015579357,0,0.002267574,0.003618818,0
2024-01-08 00:00:00+00:00,0,0.000888099,0,0.172015033,0,0,0,0,0.0232378,0.002237136,0.020886889,0,0.013195876,0.086783439,0
2024-01-08 01:00:00+00:00,0,0.000324992,0.015250056,0.094368812,0,0,0,0,0.051022288,0.002686968,0.014935172,0,0.002729444,0.008464079,0.00017059
2024-01-08 02:00:00+00:00,0.000130959,0.000136836,0.004892191,0.139732844,0,,0,0,0.041660141,0.002237971,0.014815822,0,0.002923122,0.040147744,0
2024-01-08 03:00:00+00:00,0,0,0.00487126,0.10947575,0,1.5,0,0,0.050580431,0.000240848,0.017575758,0,0.002670017,0.016957443,0
2024-01-08 04:00:00+00:00,0,0.000561167,0.001144001,0.068314357,0,0,0,0,0.069913509,0.019873335,0.062120061,0,0.004320503,0.017259598,0
2024-01-08 05:00:00+00:00,7.20E-05,0.000287936,0.002076059,0.088586644,0,,0,0,0.028728348,0.00109544,0.030510723,0,0.016083254,0.029259199,9.46E-05
2024-01-08 06:00:00+00:00,4.03E-05,0.000203087,0.002342419,0.078455088,0,0,0,0,0.030194306,0.001419712,0.019161624,0,0.001458009,0.11165699,0
2024-01-08 07:00:00+00:00,0.000582751,0.000540833,0.002264772,0.101884227,0,0.060606061,0,0,0.052357221,0.004399472,0.034819854,0,0.009852497,0.101964198,0.000398656
2024-01-08 08:00:00+00:00,0,0.000225093,0.00528018,0.108998961,0,0.028571429,7.16E-05,0.000120656,0.056964539,0.004066181,0.028225998,0,0.002529511,0.055280944,0.000505902
2024-01-08 09:00:00+00:00,0.000826914,0.000209811,0.004256507,0.142446795,0,0.083333333,0,0,0.06920598,0.002457338,0.032286875,0,0.004053397,0.036575481,0.000162136
2024-01-08 10:00:00+00:00,0,0.00025937,0.004392946,0.138673194,0,0,6.40E-05,0,0.064271415,0.00479834,0.042316258,0,0.004423641,0.079377079,0.000565815
2024-01-08 11:00:00+00:00,0.000266059,0.000304159,0.010972542,0.252527556,0,0,0.027131992,0,0.085781164,0.002608923,0.031821609,0,0.02596388,0.03495154,4.60E-05
2024-01-08 12:00:00+00:00,0.000255124,0.000173048,0.006021451,0.175652692,0,0,0,0,0.070421007,0.002458068,0.03694123,0,0.004828326,0.028660186,0.000375536
2024-01-08 13:00:00+00:00,0.000128397,0.000174277,0.005843022,0.135844211,0,0.034482759,0,0,0.058386239,0.002807487,0.027854165,0,0.004513889,0.026498028,4.96E-05
2024-01-08 14:00:00+00:00,8.26E-05,8.40E-05,0.004233095,0.099368369,0,0.083333333,0,0,0.047872624,0.002503577,0.025023812,0,0.002168277,0.025812125,4.71E-05
2024-01-08 15:00:00+00:00,9.04E-05,0.000182557,0.001784015,0.084591053,0,0.2,0.00018498,0,0.046950738,0.005342832,0.022642234,0,0.003265736,0.023781301,0.000316039
2024-01-08 16:00:00+00:00,0,0.000822571,0.006186727,0.106294155,0,0,0.000120048,0,0.065881413,0.007771106,0.019856065,0,0.001975727,0.029470331,0.000376329
2024-01-08 17:00:00+00:00,0,0.000137363,0.000989854,0.082093589,0,2,0,0,0.053413782,0.002186589,0.011810793,0,0.002097859,0.018088188,0
2024-01-08 18:00:00+00:00,0,6.02E-05,0.002471953,0.060232393,0,,0,0,0.018285831,0.003261313,0.009615847,0,0.000781975,0.008780182,0
2024-01-08 19:00:00+00:00,0,0.000518068,0.004024723,0.094344344,0,0,0.00011325,0.001482946,0.02961727,0.006554989,0.013600079,0,0.00235704,0.015089163,0
2024-01-08 20:00:00+00:00,0,0,0.005866498,0.097762712,0,0,0,0,0.024005372,0.007791017,0.012781497,0,0.002400384,0.006630013,0
2024-01-08 21:00:00+00:00,0,0.000136593,0.007438401,0.087334492,0,,0,0,0.03208066,0.004593176,0.021497619,0,0.003457087,0.009570105,0
2024-01-08 22:00:00+00:00,0,0,0.003116478,0.139213276,0,,0,0,0.028550241,0.006144393,0.011351909,0,0.003360717,0.011534025,0
2024-01-08 23:00:00+00:00,0,0,0.009412528,0.082895828,0,,0,0,0.052200303,0.005825243,0.023522662,0,0.072802198,0.01194487,0
2024-01-09 00:00:00+00:00,0,0.000377027,0.001909612,0.125714286,0,,0,0,0.101471334,0.004022989,0.017562199,0,0.010523908,0.004403468,0.000228781
2024-01-09 01:00:00+00:00,0,0.000101368,0.010046593,0.11409791,0,0,0,0,0.051863466,0.002093928,0.014047594,0,0.00581981,0.007480315,0
2024-01-09 02:00:00+00:00,8.97E-05,0.000185701,0.0035,0.151044937,0,0,0,0,0.068052516,0.004781077,0.016504854,0,0.007442422,0.016788839,0.000100573
2024-01-09 03:00:00+00:00,0,0,0.013466959,0.13604707,0,0,0,0.000204415,0.063054647,0.001138952,0.013504754,0,0.002981309,0.022517534,0
2024-01-09 04:00:00+00:00,0.000515943,0.000104679,0.004648846,0.106077804,0,0.111111111,0,0,0.05175056,0.003609023,0.035994413,0,0.005665349,0.04305949,0
2024-01-09 05:00:00+00:00,0.001371742,0.000366596,0.007712584,0.117320049,0,,0.002307615,0.000134571,0.05552249,0.0180067,0.030018904,0,0.005527916,0.032055047,0
2024-01-09 06:00:00+00:00,0.000779575,0.000357824,0.011424527,0.082479049,0,0,5.06E-05,6.46E-05,0.034191869,0.002019499,0.021200099,0,0.011614454,0.059107143,0.002224991
2024-01-09 07:00:00+00:00,8.62E-05,4.41E-05,0.013161209,0.103497348,0,0,5.91E-05,0,0.036055626,0.001882197,0.025310942,0,0.008060211,0.046980833,0.001547988
2024-01-09 08:00:00+00:00,8.76E-05,0.000175139,0.010696767,0.218875854,0,0,0.030526507,0,0.078071716,0.003727737,0.037505041,0,0.028622989,0.07035871,0.000802045
2024-01-09 09:00:00+00:00,0.000218876,0.000222856,0.017827774,0.133470496,0,0,6.15E-05,0,0.078138253,0.003262643,0.032043417,0,0.004794073,0.063473623,0.001252996
2024-01-09 10:00:00+00:00,0.001009664,0.00034312,0.016980711,0.179864417,0,0,0,0.000278862,0.067735107,0.003155622,0.033997655,0.000110156,0.00547098,0.060706464,0.003330162
2024-01-09 11:00:00+00:00,0.001119821,0.000249439,0.022324159,0.193438679,0,0,0.000252924,0.000316489,0.066429602,0.005302909,0.032612549,0,0.003734971,0.054739527,0.002507035
2024-01-09 12:00:00+00:00,0.000621721,0.000394477,0.021837682,0.165960754,0,0.333333333,5.73E-05,0,0.204890913,0.002753654,0.034130951,0,0.004261297,0.037574798,0.002060407
2024-01-09 13:00:00+00:00,0.000211873,0.000394184,0.0195,0.144370524,0,0,0.000202675,0,0.056347365,0.002650039,0.030830433,0,0.004975377,0.033557706,0.000558461
2024-01-09 14:00:00+00:00,0.000346487,0.000158034,0.016581566,0.109951877,0,0.047619048,0,0,0.056453582,0.002337229,0.020119288,7.49E-05,0.003145963,0.039462919,0.00111034
2024-01-09 15:00:00+00:00,0.000231027,0.000179856,0.013928025,0.108293866,0,0,0,0,0.056695626,0.00398046,0.023600643,0,0.002985696,0.033791606,0.001249826
2024-01-09 16:00:00+00:00,8.01E-05,8.32E-05,0.011592958,0.104672598,0,0,0,0,0.07978562,0.004337219,0.018478166,0,0.002402691,0.027520034,0.000672753
2024-01-09 17:00:00+00:00,7.06E-05,7.19E-05,0.005156971,0.092527193,0,0,0,0,0.047380029,0.008187135,0.008481589,0,0.00239408,0.013902764,0
2024-01-09 18:00:00+00:00,0,8.23E-05,0.004049754,0.076849106,0,0.333333333,0,0,0.02053591,0.007296467,0.006210537,0,0.001115834,0.007221989,0
2024-01-09 19:00:00+00:00,0.000125691,0,0.002508855,0.108345902,0,0.285714286,0,0,0.039506515,0.006169031,0.013574081,0,0.003113578,0.007543263,0
2024-01-09 20:00:00+00:00,0,0,0.005454203,0.112545831,0,0,0,0,0.034782609,0.004928806,0.009090909,0,0.003751975,0.006400683,0
2024-01-09 21:00:00+00:00,0.000110852,0.000567795,0.006997455,0.103425341,0,0,0,0,0.022384306,0.005805515,0.023503012,0,0.002456097,0.006529254,0
2024-01-09 22:00:00+00:00,0,0,0.004248745,0.153636364,0,,0,0,0.054992764,0.003883495,0.017339113,0,0.004192073,0.007395874,0
2024-01-09 23:00:00+00:00,0,0.00090009,0.006435467,0.087488803,0,,0,0,0.078309305,0.000942507,0.01494396,0,0.079005935,0.0067659,0
2024-01-10 00:00:00+00:00,0,0,0.012463343,0.249357739,0,0,0,0,0.081255374,0.003827228,0.015640767,0,0.009699854,0.013488198,0
2024-01-10 01:00:00+00:00,0.000184264,0,0.007617266,0.12631288,0,0,0,0,0.047575895,0.002914602,0.014605744,0,0.005513941,0.007974084,0.000208073
2024-01-10 02:00:00+00:00,9.10E-05,9.44E-05,0.008674969,0.144195779,0,0,0,0.000244379,0.065501192,0.005386565,0.016253794,0,0.005647354,0.018318695,0
2024-01-10 03:00:00+00:00,0,0,0.005019191,0.18947127,0,0,0,0.000191424,0.045240556,0.001520417,0.010965837,0,0.006160616,0.012085997,0
2024-01-10 04:00:00+00:00,0.000487234,9.98E-05,0.006739927,0.156597155,0,0,0,0,0.064306199,0.002825657,0.032241556,0,0.008440854,0.018275418,0
2024-01-10 05:00:00+00:00,0.001054376,0.000382468,0.008835657,0.246949842,0,0,0.040028519,0.000141423,0.09823303,0.014424492,0.021989281,0,0.050182657,0.024121296,9.61E-05
2024-01-10 06:00:00+00:00,0.000117371,0,0.009421403,0.093779343,0,0,5.08E-05,7.02E-05,0.03161682,0.00075358,0.016576484,0,0.008998227,0.078448656,0.00106383
2024-01-10 07:00:00+00:00,0.000143671,0.000342784,0.016061635,0.13136344,0,0,0.000135483,0.000103745,0.050149921,0.004064582,0.025494329,0,0.010511563,0.054975989,0.001940596
2024-01-10 08:00:00+00:00,9.34E-05,0.000284779,0.01843953,0.125869555,0,0,0.000420197,0,0.056888939,0.004207205,0.03358592,8.77E-05,0.004479895,0.062981592,0.000600962
2024-01-10 09:00:00+00:00,0.000886093,0.000406614,0.019760684,0.138053254,0,0,0,0,0.05566094,0.002773156,0.035915188,0,0.005266301,0.059971667,0.000814376
2024-01-10 10:00:00+00:00,0.001121623,0.000301553,0.017774752,0.176679996,0,0,0.000224635,0,0.08132277,0.002347051,0.032443341,0.000106045,0.005332069,0.053407847,0.002251318
2024-01-10 11:00:00+00:00,0.000858825,8.49E-05,0.022090059,0.186774088,0,0,0.000832213,0.00010725,0.069175887,0.003132614,0.032252387,0,0.004316619,0.045272841,0.003413141
2024-01-10 12:00:00+00:00,0.000430663,0.000539059,0.030256113,0.194875108,0,0,0.000425653,0.000228859,0.070215747,0.002843737,0.036678168,0,0.006040037,0.050674129,0.002358491
2024-01-10 13:00:00+00:00,0.000115723,0.000285726,0.015918873,0.129995371,0,0.1,0.000122011,0,0.05040209,0.00232795,0.026120972,0,0.004737355,0.032793671,0.000975338
2024-01-10 14:00:00+00:00,0.000187949,0.000272787,0.014195332,0.109047852,0,0,0.000125008,0,0.0502143,0.002910267,0.022132386,0,0.00335802,0.034898628,0.001150007
2024-01-10 15:00:00+00:00,0,7.19E-05,0.009564293,0.091088903,0,0.105263158,0,5.99E-05,0.474912389,0.001618018,0.012462208,0,0.001950249,0.02506327,0.001074627
2024-01-10 16:00:00+00:00,0.000366596,0.000156605,0.0071282,0.106166141,0,0,0,0,0.070682581,0.003524946,0.018422754,0,0.003215147,0.023821291,0.000446548
2024-01-10 17:00:00+00:00,0,0.000494397,0.004972032,0.097962757,0,,0,0,0.046349942,0.006504065,0.01399753,0,0.001899196,0.01914927,7.30E-05
2024-01-10 18:00:00+00:00,0,6.51E-05,0.006162861,0.056827604,0,1.666666667,0,0,0.020096866,0.003422983,0.006131698,0,0.001759886,0.011715544,0
2024-01-10 19:00:00+00:00,0,0.000250188,0.009886595,0.105448796,0,0.105263158,0,0,0.023552616,0.009146341,0.008385744,0,0.004149831,0.016583748,0
2024-01-10 20:00:00+00:00,0,0.000149813,0.008231926,0.113603473,0,0,0.000461148,0,0.031883524,0.008294453,0.012495778,0,0.003045503,0.006306661,0
2024-01-10 21:00:00+00:00,0,0,0.006641366,0.100095329,0,,0.000177148,0,0.025902563,0.004345937,0.017649316,0,0.002933724,0.009088367,0
2024-01-10 22:00:00+00:00,0,0,0.000692521,0.118653576,0,,0,0,0.031260854,0.00681431,0.022825416,0,0.003543586,0.016416845,0
2024-01-10 23:00:00+00:00,0,0,0.009852217,0.0882662,0,,0,0,0.066336256,0.004702194,0.019202899,0,0.071829856,0.017684887,0.001605136
2024-01-11 00:00:00+00:00,0,0,0.001649077,0.166187845,0,0,0,0,0.098346636,0.004334365,0.010049077,0,0.013032581,0.007370361,0
2024-01-11 01:00:00+00:00,0.000109218,0.000116469,0.014519056,0.152468327,0,0,0,0,0.057747834,0.004203152,0.016442631,0,0.004209484,0.012597201,0.000123808
2024-01-11 02:00:00+00:00,8.90E-05,0,0.012240063,0.149630816,0,0,0.000141643,0,0.063752914,0.004538088,0.015619011,0,0.006929102,0.023258722,0
2024-01-11 03:00:00+00:00,0.000626017,0.000129769,0.007758075,0.09928634,0,0,0.000273448,0,0.039816233,0.000729927,0.014345211,0,0.003211609,0.013982522,0.000356845
2024-01-11 04:00:00+00:00,0.000195255,0.000889856,0.003996004,0.258810895,0,0,0.048774292,0,0.140362968,0.028851388,0.050474814,0,0.049337435,0.015918065,0.000118315
2024-01-11 05:00:00+00:00,0,0.000143895,0.009612692,0.124109222,0,,9.63E-05,0.000130276,0.046184572,0.001676446,0.021462758,0,0.016822754,0.043427524,0
2024-01-11 06:00:00+00:00,0.000739195,0.000132991,0.013656362,0.092573267,0,0,0.000172582,0.000228676,0.034976313,0.002121756,0.016290369,0,0.007913412,0.059331711,0.001531628
2024-01-11 07:00:00+00:00,0.000503525,0.000102669,0.014997614,0.112890232,0,0,7.22E-05,0,0.050750623,0.002753873,0.024869317,0,0.010213556,0.050435476,0.000464253
2024-01-11 08:00:00+00:00,0.000393759,0.000454706,0.018489657,0.142737609,0,0,0.000435983,0,0.054522628,0.003651609,0.033505421,0,0.004056437,0.043362732,0.002116402
2024-01-11 09:00:00+00:00,0.000589329,0.000369327,0.016176156,0.168366653,0,0,0.000132293,0.000116822,0.095127741,0.002471848,0.036631495,0,0.005001421,0.065235074,0.000568343
2024-01-11 10:00:00+00:00,0.000547155,0.000204228,0.016408741,0.188469956,0,0,0.000238265,0,0.082889058,0.006130903,0.041791207,0,0.005176177,0.067312714,0.002245089
2024-01-11 11:00:00+00:00,0.000677372,0.000242131,0.024377256,0.184165438,0,0,0.000180745,0,0.08121752,0.002064125,0.040348444,7.97E-05,0.004698393,0.065283516,0.003233303
2024-01-11 12:00:00+00:00,0.000922145,0.000223654,0.023028752,0.207965573,0,0,0.000420109,0.000233836,0.087454137,0.002640458,0.030515445,8.99E-05,0.015243073,0.056068205,0.004572922
2024-01-11 13:00:00+00:00,0.000349895,0.000362434,0.029914237,0.163925822,0,0,7.37E-05,0,0.075232105,0.002767528,0.035924563,8.88E-05,0.004924818,0.045595802,0.001152617
2024-01-11 14:00:00+00:00,0.00022003,7.40E-05,0.011018025,0.12061315,0,0,0.000172157,0.000227661,0.052826943,0.001316656,0.019271865,0,0.003694158,0.034991701,0.001030928
2024-01-11 15:00:00+00:00,0,7.35E-05,0.014231499,0.116667857,0,0,0.000111869,0,0.053927423,0.004020101,0.017463875,0,0.003207984,0.034412769,0.002405988
2024-01-11 16:00:00+00:00,0,0,0.012196415,0.116868295,0,0,0,0,0.06087039,0.005046481,0.01941509,0.000321543,0.003721859,0.044446705,0.000272331
2024-01-11 17:00:00+00:00,0,0.000156177,0.004650262,0.09532511,0,,9.90E-05,0,0.044296788,0.005535566,0.009214835,0,0.002191025,0.017650205,0
2024-01-11 18:00:00+00:00,0,6.34E-05,0.005270349,0.06779451,0,0.611111111,0,0,0.023591549,0.004370902,0.008305319,0,0.001364536,0.012855069,0
2024-01-11 19:00:00+00:00,0.000129702,0,0.012248187,0.122049287,0,,7.69E-05,0,0.023605909,0.004411765,0.005374177,0,0.002510285,0.005546636,0
2024-01-11 20:00:00+00:00,0.000114064,0.000118413,0.004423,0.091593476,0,0,0,0,0.030832229,0.00814664,0.017811135,0,0.002089622,0.004422061,0.00011609
2024-01-11 21:00:00+00:00,0,0,0.00947809,0.118221138,0,,0.000159693,0,0.027196391,0.00230858,0.008719541,0,0.003237858,0.010903427,0.000124533
2024-01-11 22:00:00+00:00,0,0,0.002287675,0.117994798,0,,0,0,0.037676158,0.003597122,0.012993901,0,0.002350176,0.010552452,0
2024-01-11 23:00:00+00:00,0,0,0.00799763,0.090071109,0,0,0,0,0.043744532,0.003003003,0.007234279,0,0.057801642,0.013760096,0
2024-01-12 00:00:00+00:00,0,0,0.005559674,0.184566232,0,,0,0,0.092973305,0.004076087,0.023975251,0,0.010608599,0.016736402,0
2024-01-12 01:00:00+00:00,0,0,0.009917608,0.138941873,0,0,0,0.000297885,0.069831306,0.00269438,0.011789925,0,0.004813074,0.00859397,0
2024-01-12 02:00:00+00:00,0.000100776,0.000106067,0.008402123,0.173536229,0,0,0,0,0.058036874,0.002119392,0.020022124,0.000208594,0.008015799,0.020043932,0.000116171
2024-01-12 03:00:00+00:00,0,0.000104167,0.005896806,0.115361263,0,0,0,0.000787402,0.040833077,0.001023018,0.011205014,0,0.004308235,0.011753693,9.79E-05
2024-01-12 04:00:00+00:00,0.000421097,0.000108073,0.004350628,0.118644068,0,0.25,0,0,0.063889226,0.022587842,0.021095648,0,0.007275132,0.013832611,0
2024-01-12 05:00:00+00:00,0.000325018,0,0.007040773,0.106524742,0,,0,0,0.041877325,0.0007494,0.014459076,0,0.008408408,0.026841858,0
2024-01-12 06:00:00+00:00,0.000215619,0.000132211,0.010590344,0.086851524,0,0,0.000169924,7.11E-05,0.032851511,0.003059273,0.015183681,0,0.010123026,0.105654471,0.004795118
2024-01-12 07:00:00+00:00,0.000515005,0,0.012188442,0.09373098,0,0.060606061,0,0,0.040964122,0.002609189,0.015109959,0,0.003810976,0.212943412,0.00065331
2024-01-12 08:00:00+00:00,0.00018812,4.77E-05,0.020044245,0.110567653,0,0.052631579,0,0.000119275,0.044435617,0.004078947,0.017120623,0,0.004501537,0.206276824,0.00411726
2024-01-12 09:00:00+00:00,0.00061212,0.000207125,0.01778686,0.129361355,0,0,0,0.0001294,0.049544807,0.003463855,0.020064867,0.000105175,0.004423952,0.070817695,0.000311546
2024-01-12 10:00:00+00:00,0.000393391,0.000151776,0.022827422,0.110936271,0,0,0.000153704,0.000126215,0.060321964,0.002557181,0.019272058,0,0.003960279,0.093301984,0.001714151
2024-01-12 11:00:00+00:00,0.000634863,0.00018331,0.022213485,0.136042082,0,0,0.000830105,0.000426303,0.063229897,0.00197661,0.022103116,0,0.0044406,0.056259082,0.002479815
2024-01-12 12:00:00+00:00,0.000405515,0.000138357,0.024781523,0.147156889,0,0,0.000500751,0.000105285,0.146774012,0.002355859,0.017321403,0,0.005261096,0.04553801,0.003693961
2024-01-12 13:00:00+00:00,0.00020517,0.000337767,0.017628111,0.117685679,0,0,6.28E-05,0.000104723,0.056121378,0.001696906,0.016207177,0,0.00345988,0.038656191,0.000568747
2024-01-12 14:00:00+00:00,0.000303605,0.000117527,0.015144491,0.106907021,0,0.074074074,6.72E-05,0.000145836,0.050266344,0.00153198,0.017438489,0.000366193,0.003153709,0.033047736,0.000685589
2024-01-12 15:00:00+00:00,0,0.000156014,0.011299435,0.10741878,0,0,0,0,0.066801619,0.003828624,0.014935798,0.000101082,0.003512741,0.030871381,0.000654918
2024-01-12 16:00:00+00:00,8.03E-05,0,0.012196438,0.11939579,0,0,0,0,0.061125723,0.003554502,0.013461017,0,0.00298656,0.034502262,0.000298656
2024-01-12 17:00:00+00:00,6.79E-05,0,0.004832125,0.101820405,0,1,0,0,0.048537549,0.00648855,0.0099326,0,0.001928783,0.012070948,7.42E-05
2024-01-12 18:00:00+00:00,0,0,0.003423192,0.079691314,0,,0,0,0.021084999,0.007597341,0.004290514,0,0.001602479,0.006152085,0
2024-01-12 19:00:00+00:00,0,0,0.004790583,0.095332787,0,,0,0,0.031747752,0.004784689,0.006508695,0,0.002864418,0.004232925,0
2024-01-12 20:00:00+00:00,0,0,0.007202216,0.12710309,0,0,0,0,0.033346645,0.006185567,0.011406844,0,0.005794206,0.004914005,0
2024-01-12 21:00:00+00:00,0.000123365,0,0.005572225,0.084998766,0,0,0,0,0.040591476,0.004726536,0.011209843,0,0.001570755,0.004405286,0
2024-01-12 22:00:00+00:00,0,0,0.001815706,0.158906135,0,,0,0,0.040182648,0.004444444,0.015351812,0,0.003264925,0.013989637,0
2024-01-12 23:00:00+00:00,0,0,0.008838384,0.106806283,0,,0,0,0.057387057,0.009478673,0.024943311,0,0.007398274,0.012658228,0
